"id:ID",":Filter","name"
"filter0001","","filter"
"filter0002","","filter"
"filter0003","","filter"
"filter0004","","filter"
"filter0005","","filter"
"filter0006","","filter_main_disable"
"filter0007","","filter_main_legitimate"
"filter0008","","filter_main_generic"
"filter0009","","filter_main_ms_autoupdate"
"filter0010","","filter_main_chrome"
"filter0011","","filter_main_ms_edge"
"filter0012","","filter_main_chromerecovery"
"filter0013","","filter_optional_null"
"filter0014","","filter_optional_empty"
"filter0015","","filter_main_user_identity"
"filter0016","","filter_main_console_ua"
"filter0017","","filter"
"filter0018","","filter"
"filter0019","","filter"
"filter0020","","filter"
"filter0021","","filter"
"filter0022","","filter_mfa"
"filter0023","","filter_main"
"filter0024","","filter_main_bjectid"
"filter0025","","filter_main_lsass"
"filter0026","","filter_optional_chrome"
"filter0027","","filter_optional_firefox"
"filter0028","","filter_optional_tomcat"
"filter0029","","filter_main_local_ranges"
"filter0030","","filter_main_msrange_generic"
"filter0031","","filter_main_msrange_exchange_1"
"filter0032","","filter_main_msrange_exchange_2"
"filter0033","","filter_main_msrange_exchange_3"
"filter0034","","filter_main_msrange_exchange_4"
"filter0035","","filter_main_msrange_sharepoint_1"
"filter0036","","filter_main_msrange_office_1"
"filter0037","","filter_main_msrange_office_2"
"filter0038","","filter_main_msrange_office_3"
"filter0039","","filter_main_brave"
"filter0040","","filter_main_chrome"
"filter0041","","filter_main_firefox"
"filter0042","","filter_main_ie"
"filter0043","","filter_main_maxthon"
"filter0044","","filter_main_edge_2"
"filter0045","","filter_main_opera"
"filter0046","","filter_main_safari"
"filter0047","","filter_main_seamonkey"
"filter0048","","filter_main_vivaldi"
"filter0049","","filter_main_whale"
"filter0050","","filter_main_local_ranges"
"filter0051","","filter_optional_sys_directories"
"filter0052","","filter_main_ports"
"filter0053","","filter_main_local_ranges"
"filter0054","","filter_main_common_ports"
"filter0055","","filter_main_outlook_ports"
"filter0056","","filter_main_local_ranges"
"filter0057","","filter_main_local_ranges"
"filter0058","","filter_main_ms_ranges"
"filter0059","","filter_main_app_sdb"
"filter0060","","filter_main_azure_managed"
"filter0061","","filter_main_svchost_update_processes"
"filter0062","","filter_optional_conda"
"filter0063","","filter_optional_conda_jupyter_notebook"
"filter0064","","filter_main_local_communication"
"filter0065","","filter_main_pip"
"filter0066","","filter_main_dsac"
"filter0067","","filter_main_ms_monitoring_agent"
"filter0068","","filter_main_powershell"
"filter0069","","filter_optional_brave"
"filter0070","","filter_optional_chrome"
"filter0071","","filter_optional_firefox"
"filter0072","","filter_optional_ie"
"filter0073","","filter_optional_maxthon"
"filter0074","","filter_optional_edge_2"
"filter0075","","filter_optional_opera"
"filter0076","","filter_optional_safari"
"filter0077","","filter_optional_seamonkey"
"filter0078","","filter_optional_vivaldi"
"filter0079","","filter_optional_whale"
"filter0080","","filter_main_ip"
"filter0081","","filter_main_msrange"
"filter0082","","filter_main_uus"
"filter0083","","filter_main_winsxs"
"filter0084","","filter_main_cli_null"
"filter0085","","filter_main_cli_empty"
"filter0086","","filter_optional_printing"
"filter0087","","filter"
"filter0088","","filter_main_mstsc"
"filter0089","","filter_optional_dns"
"filter0090","","filter_optional_avast"
"filter0091","","filter_optional_sysinternals_rdcman"
"filter0092","","filter_optional_chrome"
"filter0093","","filter_optional_third_party"
"filter0094","","filter_optional_thor"
"filter0095","","filter_optional_splunk"
"filter0096","","filter_optional_sentinel_one"
"filter0097","","filter_optional_firefox"
"filter0098","","filter_optional_tsplus"
"filter0099","","filter_optional_null"
"filter0100","","filter_optional_empty"
"filter0101","","filter_optional_unknown"
"filter0102","","filter_main_local_ranges"
"filter0103","","filter_main_chrome"
"filter0104","","filter_main_chrome_appdata"
"filter0105","","filter_main_firefox"
"filter0106","","filter_main_firefox_appdata"
"filter0107","","filter_main_ie"
"filter0108","","filter_main_edge_2"
"filter0109","","filter_main_safari"
"filter0110","","filter_main_defender"
"filter0111","","filter_main_prtg"
"filter0112","","filter_main_brave"
"filter0113","","filter_main_maxthon"
"filter0114","","filter_main_opera"
"filter0115","","filter_main_seamonkey"
"filter0116","","filter_main_vivaldi"
"filter0117","","filter_main_whale"
"filter0118","","filter_main_whaterfox"
"filter0119","","filter_main_slimbrowser"
"filter0120","","filter_main_flock"
"filter0121","","filter_main_phoebe"
"filter0122","","filter_main_falkon"
"filter0123","","filter_main_qtweb"
"filter0124","","filter_main_avant"
"filter0125","","filter_main_discord"
"filter0126","","filter_main_null"
"filter0127","","filter_main_empty"
"filter0128","","filter_main_local_ranges"
"filter0129","","filter_main_ms_ranges"
"filter0130","","filter_main_local_ranges"
"filter0131","","filter_clients"
"filter0132","","filter_mailserver"
"filter0133","","filter_outlook"
"filter0134","","filter_main_chrome"
"filter0135","","filter_main_chrome_appdata"
"filter0136","","filter_main_firefox"
"filter0137","","filter_main_firefox_appdata"
"filter0138","","filter_main_ie"
"filter0139","","filter_main_edge_2"
"filter0140","","filter_main_safari"
"filter0141","","filter_main_defender"
"filter0142","","filter_main_prtg"
"filter0143","","filter_main_brave"
"filter0144","","filter_main_maxthon"
"filter0145","","filter_main_opera"
"filter0146","","filter_main_seamonkey"
"filter0147","","filter_main_vivaldi"
"filter0148","","filter_main_whale"
"filter0149","","filter_main_whaterfox"
"filter0150","","filter_main_midori"
"filter0151","","filter_main_slimbrowser"
"filter0152","","filter_main_flock"
"filter0153","","filter_main_phoebe"
"filter0154","","filter_main_falkon"
"filter0155","","filter_main_qtweb"
"filter0156","","filter_main_avant"
"filter0157","","filter_main_whatsapp"
"filter0158","","filter_main_telegram"
"filter0159","","filter_main_onedrive"
"filter0160","","filter_main_dropbox"
"filter0161","","filter_main_mega"
"filter0162","","filter_main_googledrive"
"filter0163","","filter_main_discord"
"filter0164","","filter_main_null"
"filter0165","","filter_main_empty"
"filter0166","","filter_main_localhost"
"filter0167","","filter_optional_avast"
"filter0168","","filter_main_legit_dropbox"
"filter0169","","filter_main_local_ranges"
"filter0170","","filter_optional_sys_directories"
"filter0171","","filter_no_cmdline"
"filter0172","","filter_null"
"filter0173","","filter_main_local_ranges"
"filter0174","","filter_optional_brave"
"filter0175","","filter_optional_chrome"
"filter0176","","filter_optional_google_drive"
"filter0177","","filter_optional_firefox"
"filter0178","","filter_optional_ie"
"filter0179","","filter_optional_maxthon"
"filter0180","","filter_optional_edge_2"
"filter0181","","filter_optional_opera"
"filter0182","","filter_optional_safari"
"filter0183","","filter_optional_seamonkey"
"filter0184","","filter_optional_vivaldi"
"filter0185","","filter_optional_whale"
"filter0186","","filter_optional_googleupdate"
"filter0187","","filter_optional_outlook_exe"
"filter0188","","filter_main_null"
"filter0189","","filter_main_empty"
"filter0190","","filter_main_domains"
"filter0191","","filter_main_null"
"filter0192","","filter_optional_brave"
"filter0193","","filter_optional_chrome"
"filter0194","","filter_optional_firefox"
"filter0195","","filter_optional_ie"
"filter0196","","filter_optional_maxthon"
"filter0197","","filter_optional_edge_2"
"filter0198","","filter_optional_opera"
"filter0199","","filter_optional_safari"
"filter0200","","filter_optional_seamonkey"
"filter0201","","filter_optional_vivaldi"
"filter0202","","filter_optional_whale"
"filter0203","","filter_optional_snipping_tool"
"filter0204","","filter"
"filter0205","","filter_optional_local_networks"
"filter0206","","filter_optional_seven_zip"
"filter0207","","filter_main_generic"
"filter0208","","filter_optional_generic"
"filter0209","","filter_optional_vmware"
"filter0210","","filter_winget"
"filter0211","","filter_updhealthtools"
"filter0212","","filter_optional_information"
"filter0213","","filter_optional_restartmanager"
"filter0214","","filter_main_local_ips"
"filter0215","","filter"
"filter0216","","filter_scmevent"
"filter0217","","filter_main_svchost"
"filter0218","","filter_optional_msmpeng"
"filter0219","","filter_main_block"
"filter0220","","filter_main_block"
"filter0221","","filter_main_generic"
"filter0222","","filter_optional_msmpeng"
"filter0223","","filter_main_covered_paths"
"filter0224","","filter_optional_no_path"
"filter0225","","filter_main_null"
"filter0226","","filter_main_generic"
"filter0227","","filter_main_svchost"
"filter0228","","filter_optional_msmpeng"
"filter0229","","filter_main_null"
"filter0230","","filter_main_empty"
"filter0231","","filter_optional_thor_remote"
"filter0232","","filter_main_defender_def_updates"
"filter0233","","filter_optional_zoom"
"filter0234","","filter_main_covered"
"filter0235","","filter_main_etw_added"
"filter0236","","filter_main_builtin"
"filter0237","","filter_main_remove"
"filter0238","","filter_main_admin"
"filter0239","","filter_optional_network_inspection"
"filter0240","","filter_thor"
"filter0241","","filter_exact"
"filter0242","","filter_begins"
"filter0243","","filter_main_generic"
"filter0244","","filter_main_specific"
"filter0245","","filter_optional_onedrive"
"filter0246","","filter_local"
"filter0247","","filter_thumbprint"
"filter0248","","filter"
"filter0249","","filter"
"filter0250","","filter_empty"
"filter0251","","filter_null"
"filter0252","","filter"
"filter0253","","filter_exact"
"filter0254","","filter_endswith"
"filter0255","","filter_startswith"
"filter0256","","filter"
"filter0257","","filter1"
"filter0258","","filter2"
"filter0259","","filter_null"
"filter0260","","filter_app_container"
"filter0261","","filter_thor"
"filter0262","","filter"
"filter0263","","filter"
"filter0264","","filter_main_"
"filter0265","","filter_main_dns_object_class"
"filter0266","","filter"
"filter0267","","filter_main_machine_accounts"
"filter0268","","filter_main_msql"
"filter0269","","filter"
"filter0270","","filter_main_homegroup"
"filter0271","","filter_main_homegroup"
"filter0272","","filter_main_specific"
"filter0273","","filter_main_generic"
"filter0274","","filter_main_exact"
"filter0275","","filter_main_sysmon"
"filter0276","","filter_main_aurora"
"filter0277","","filter_main_scenarioengine"
"filter0278","","filter_main_avira1"
"filter0279","","filter_main_avira2"
"filter0280","","filter_main_snmp"
"filter0281","","filter_main_googleupdate"
"filter0282","","filter_optional_procmon"
"filter0283","","filter"
"filter0284","","filter"
"filter0285","","filter"
"filter0286","","filter_main_computer_accounts"
"filter0287","","filter_main_generic"
"filter0288","","filter"
"filter0289","","filter1"
"filter0290","","filter2"
"filter0291","","filter3"
"filter0292","","filter_main_lsass"
"filter0293","","filter_optional_chrome"
"filter0294","","filter_optional_firefox"
"filter0295","","filter_optional_tomcat"
"filter0296","","filter"
"filter0297","","filter_main_service_account"
"filter0298","","filter_main_generic"
"filter0299","","filter_main_wmiprvse"
"filter0300","","filter_optional_steam"
"filter0301","","filter_sys_username"
"filter0302","","filter_main_local_ranges"
"filter0303","","filter_main_empty"
"filter0304","","filter"
"filter0305","","filter_main_local_ranges"
"filter0306","","filter_main_empty"
"filter0307","","filter_main_ip_null"
"filter0308","","filter_main_ip_unknown"
"filter0309","","filter_main_local_ranges"
"filter0310","","filter_main_generic"
"filter0311","","filter_optional_websense"
"filter0312","","filter_optional_ctx"
"filter0313","","filter_optional_default"
"filter0314","","filter_main_generic"
"filter0315","","filter_main_generic"
"filter0316","","filter_optional_sqlserver"
"filter0317","","filter_optional_azure_connected_machine_agent"
"filter0318","","filter_optional_citrix"
"filter0319","","filter_optional_exchange"
"filter0320","","filter_main_null"
"filter0321","","filter_main"
"filter0322","","filter_main_generic"
"filter0323","","filter"
"filter0324","","filter_main_generic"
"filter0325","","filter_main_full"
"filter0326","","filter_optional_opera"
"filter0327","","filter_optional_process_explorer"
"filter0328","","filter_optional_teams"
"filter0329","","filter_optional_onedrive"
"filter0330","","filter_main_signed"
"filter0331","","filter_main_generic"
"filter0332","","filter_main_dotnet"
"filter0333","","filter_optional_sql_server_mgmt"
"filter0334","","filter_optional_sql_server_tools"
"filter0335","","filter_optional_citrix"
"filter0336","","filter_optional_vs"
"filter0337","","filter_optional_chocolatey"
"filter0338","","filter_optional_nextron"
"filter0339","","filter_optional_aurora"
"filter0340","","filter_main_legit_path"
"filter0341","","filter_optional_aurora"
"filter0342","","filter"
"filter0343","","filter_main_path"
"filter0344","","filter_main_generic"
"filter0345","","filter_main_dot_net"
"filter0346","","filter_main_defender"
"filter0347","","filter_main_directx"
"filter0348","","filter_optional_exchange"
"filter0349","","filter_optional_arsenal_image_mounter"
"filter0350","","filter_optional_office_appvpolicy"
"filter0351","","filter_optional_azure"
"filter0352","","filter_optional_dell"
"filter0353","","filter_optional_dell_wldp"
"filter0354","","filter_optional_checkpoint"
"filter0355","","filter_classicexplorer"
"filter0356","","filter_main_path"
"filter0357","","filter_main_generic"
"filter0358","","filter_optional_windbg"
"filter0359","","filter_optional_windows_kits"
"filter0360","","filter_main_ms_signed"
"filter0361","","filter_main_legitimate_path"
"filter0362","","filter_main_signature"
"filter0363","","filter"
"filter0364","","filter_main_legit_path"
"filter0365","","filter_legit"
"filter0366","","filter_programfiles"
"filter0367","","filter_update"
"filter0368","","filter_image_null"
"filter0369","","filter"
"filter0370","","filter_general"
"filter0371","","filter_svchost"
"filter0372","","filter_mscorsvw"
"filter0373","","filter_svr_2019"
"filter0374","","filter_nextron"
"filter0375","","filter_citrix"
"filter0376","","filter_ps_ise"
"filter0377","","filter_upgrade"
"filter0378","","filter"
"filter0379","","filter_main_path"
"filter0380","","filter_main_generic"
"filter0381","","filter_optional_steam"
"filter0382","","filter_main_legit_path"
"filter0383","","filter"
"filter0384","","filter_program_files"
"filter0385","","filter_programdata_packagecache"
"filter0386","","filter_main_signed"
"filter0387","","filter_main_sig_status"
"filter0388","","filter_main_signed_null"
"filter0389","","filter_main_signed_empty"
"filter0390","","filter_main_sig_status_null"
"filter0391","","filter_main_sig_status_empty"
"filter0392","","filter_main_legit_paths"
"filter0393","","filter_main_legit_path"
"filter0394","","filter_main_legit_path"
"filter0395","","filter_main_legit_path"
"filter0396","","filter_main_path"
"filter0397","","filter_main_legit_location"
"filter0398","","filter"
"filter0399","","filter_main_legit_path"
"filter0400","","filter_main_generic"
"filter0401","","filter_optional_dropbox_installer_temp"
"filter0402","","filter_optional_visual_studio"
"filter0403","","filter_optional_cpython"
"filter0404","","filter_main_legit_signature_details"
"filter0405","","filter_main_vlc"
"filter0406","","filter_main_generic"
"filter0407","","filter_optional_mingw64"
"filter0408","","filter_main_path"
"filter0409","","filter_optional_program_files"
"filter0410","","filter_main_notepad_plusplus"
"filter0411","","filter_main_path"
"filter0412","","filter_optional_user_path"
"filter0413","","filter"
"filter0414","","filter_main_legit_path"
"filter0415","","filter_main_known_locations"
"filter0416","","filter_toshiba"
"filter0417","","filter"
"filter0418","","filter"
"filter0419","","filter_main_generic"
"filter0420","","filter_main_legit_path"
"filter0421","","filter_main_generic"
"filter0422","","filter_optional_anaconda"
"filter0423","","filter_optional_epicgames"
"filter0424","","filter_main_generic"
"filter0425","","filter"
"filter0426","","filter_log_dll_bitdefender"
"filter0427","","filter_log_dll_dell_sar"
"filter0428","","filter_log_dll_canon"
"filter0429","","filter_fsecure"
"filter0430","","filter_mcafee"
"filter0431","","filter_cyberark"
"filter0432","","filter_avast"
"filter0433","","filter_eset_deslock"
"filter0434","","filter_titanium"
"filter0435","","filter"
"filter0436","","filter_generic_english"
"filter0437","","filter_by_errorcode"
"filter0438","","filter_main_system"
"filter0439","","filter_main_generic"
"filter0440","","filter_optional_defender"
"filter0441","","filter_main_system_folders"
"filter0442","","filter_main_explorer"
"filter0443","","filter_system_folders"
"filter0444","","filter_main_generic"
"filter0445","","filter_main_explorer"
"filter0446","","filter_system_folders"
"filter0447","","filter_main_legit_location"
"filter0448","","filter1"
"filter0449","","filter2"
"filter0450","","filter"
"filter0451","","filter_main"
"filter0452","","filter_generic"
"filter0453","","filter_jetbrains"
"filter0454","","filter_upgrade"
"filter0455","","filter_main_office"
"filter0456","","filter_optional_ldapwhoami"
"filter0457","","filter_optional_citrix"
"filter0458","","filter_main_known_locations"
"filter0459","","filter_main_generic"
"filter0460","","filter_main_svchost"
"filter0461","","filter_main_wuauclt"
"filter0462","","filter_main_explorer"
"filter0463","","filter_main_msiexec"
"filter0464","","filter_main_healtray"
"filter0465","","filter_generic"
"filter0466","","filter_tiworker"
"filter0467","","filter_optional_webservicecache"
"filter0468","","filter_optional_webex"
"filter0469","","filter_main_localassembly"
"filter0470","","filter_main_recent"
"filter0471","","filter_optional_office_recent"
"filter0472","","filter_optional_office_excel"
"filter0473","","filter_optional_office_powerpoint"
"filter0474","","filter_optional_office_word"
"filter0475","","filter_optional_ms_winapps"
"filter0476","","filter_main_path"
"filter0477","","filter_main_baseimage"
"filter0478","","filter_main_AppLockerPolicyTest"
"filter0479","","filter_main_script_gpo_machine"
"filter0480","","filter_exclude_word_ext"
"filter0481","","filter_exclude_excel_ext"
"filter0482","","filter_main_office_click_to_run"
"filter0483","","filter_main_office_apps"
"filter0484","","filter_gup"
"filter0485","","filter_install"
"filter0486","","filter_main_generic"
"filter0487","","filter_main_legit_name"
"filter0488","","filter_main_rundll32"
"filter0489","","filter"
"filter0490","","filter_main_process_explorer"
"filter0491","","filter"
"filter0492","","filter_main_windows_tmp_key"
"filter0493","","filter"
"filter0494","","filter_created_file"
"filter0495","","filter_main_process_explorer"
"filter0496","","filter_main_images"
"filter0497","","filter_main_system"
"filter0498","","filter1"
"filter0499","","filter2"
"filter0500","","filter_main_generic"
"filter0501","","filter_main_system_location"
"filter0502","","filter_dlls"
"filter0503","","filter_main_office"
"filter0504","","filter_main_pwsh"
"filter0505","","filter_main_onenote"
"filter0506","","filter_main_user_temp"
"filter0507","","filter_main_other_temp"
"filter0508","","filter_main_powershell_module"
"filter0509","","filter_main_nuget"
"filter0510","","filter_main_legit_name"
"filter0511","","filter"
"filter0512","","filter"
"filter0513","","filter_main_temp"
"filter0514","","filter_main_system"
"filter0515","","filter_main_legitimate"
"filter0516","","filter_ext"
"filter0517","","filter_main_generic"
"filter0518","","filter_optional_browsers_chrome"
"filter0519","","filter_optional_browsers_firefox"
"filter0520","","filter_optional_browsers_msedge"
"filter0521","","filter_main_svchost"
"filter0522","","filter"
"filter0523","","filter_wireshark"
"filter0524","","filter_main_generic"
"filter0525","","filter_optional_anaconda"
"filter0526","","filter_gcworker"
"filter0527","","filter_privs"
"filter0528","","filter_main_generic"
"filter0529","","filter_optional_office_msoasb"
"filter0530","","filter_optional_office_skype"
"filter0531","","filter_optional_office_msouc"
"filter0532","","filter"
"filter0533","","filter_main_net"
"filter0534","","filter"
"filter0535","","filter_health_service"
"filter0536","","filter_localhost"
"filter0537","","filter"
"filter0538","","filter"
"filter0539","","filter_optional_git_windows"
"filter0540","","filter"
"filter0541","","filter"
"filter0542","","filter_builtin_visual_studio_shell"
"filter0543","","filter_open_settings"
"filter0544","","filter_vsdevcmd"
"filter0545","","filter_cpl_sys"
"filter0546","","filter_cpl_igfx"
"filter0547","","filter_splunk_ufw"
"filter0548","","filter"
"filter0549","","filter_main_netlogon"
"filter0550","","filter_main_null"
"filter0551","","filter_msbuild1"
"filter0552","","filter_msbuild2"
"filter0553","","filter_main_conhost"
"filter0554","","filter_main_null"
"filter0555","","filter_main_empty"
"filter0556","","filter_optional_provider"
"filter0557","","filter_teams"
"filter0558","","filter_onedrive"
"filter0559","","filter_main_null"
"filter0560","","filter_main_empty"
"filter0561","","filter_main_localserver"
"filter0562","","filter_main_zzzzInvokeManagedCustomActionOutOfProc"
"filter0563","","filter_optional_EdgeUpdate"
"filter0564","","filter_special"
"filter0565","","filter_null"
"filter0566","","filter"
"filter0567","","filter_main_known_format"
"filter0568","","filter_optional_discord"
"filter0569","","filter_main_other_rule"
"filter0570","","filter_main_werfault"
"filter0571","","filter_main_img"
"filter0572","","filter_main_legit_name"
"filter0573","","filter_main_empty"
"filter0574","","filter_main_legit_name"
"filter0575","","filter_main_generic"
"filter0576","","filter_main_wuaueng"
"filter0577","","filter_main_uus"
"filter0578","","filter_main_winsxs"
"filter0579","","filter_print"
"filter0580","","filter"
"filter0581","","filter_main_visual_studio"
"filter0582","","filter_main_legit_locations"
"filter0583","","filter_chocolatey"
"filter0584","","filter_generic"
"filter0585","","filter_main_empty"
"filter0586","","filter_main_null"
"filter0587","","filter_main_legit_ext"
"filter0588","","filter_main_null"
"filter0589","","filter_main_empty"
"filter0590","","filter_logonid"
"filter0591","","filter_system_user"
"filter0592","","filter_wmiprvse"
"filter0593","","filter_werfault"
"filter0594","","filter_null"
"filter0595","","filter_main_legit_names"
"filter0596","","filter"
"filter0597","","filter"
"filter0598","","filter"
"filter0599","","filter_main_pwsh"
"filter0600","","filter_main_intune"
"filter0601","","filter_realbrowsercore"
"filter0602","","filter_defender"
"filter0603","","filter_main_python"
"filter0604","","filter_optional_vscode"
"filter0605","","filter_optional_pip"
"filter0606","","filter"
"filter0607","","filter_main_image_null"
"filter0608","","filter_null"
"filter0609","","filter_empty"
"filter0610","","filter_user_temp"
"filter0611","","filter_system_temp"
"filter0612","","filter_ccm"
"filter0613","","filter"
"filter0614","","filter_main_img"
"filter0615","","filter_main_legit_parents"
"filter0616","","filter_main_known_urls"
"filter0617","","filter_main_legit_dir"
"filter0618","","filter_main_empty"
"filter0619","","filter_main_null"
"filter0620","","filter_optional_discord"
"filter0621","","filter_optional_github_desktop"
"filter0622","","filter_optional_teams"
"filter0623","","filter_optional_yammer"
"filter0624","","filter"
"filter0625","","filter_main_cli_flag"
"filter0626","","filter_main_no_cli"
"filter0627","","filter_main_empty"
"filter0628","","filter_main_no_flag"
"filter0629","","filter_main_msu"
"filter0630","","filter_group_add"
"filter0631","","filter_optional_valid_path"
"filter0632","","filter_java"
"filter0633","","filter"
"filter0634","","filter"
"filter0635","","filter_optional_dell"
"filter0636","","filter"
"filter0637","","filter_main_encoded_keyword"
"filter0638","","filter_main_hxtsr"
"filter0639","","filter_main_vmwaretools_script"
"filter0640","","filter_main_empty"
"filter0641","","filter_main_null"
"filter0642","","filter"
"filter0643","","filter_main_rsp_ext"
"filter0644","","filter_main_runonce_odbc"
"filter0645","","filter_main_exclude_coverage"
"filter0646","","filter_main_admin_location"
"filter0647","","filter"
"filter0648","","filter"
"filter0649","","filter_main_null"
"filter0650","","filter"
"filter0651","","filter_main_localhost"
"filter0652","","filter_ccmcache"
"filter0653","","filter_amazon"
"filter0654","","filter_nessus"
"filter0655","","filter_sccm_install"
"filter0656","","filter"
"filter0657","","filter_main_ping"
"filter0658","","filter_vs"
"filter0659","","filter_config_mgr"
"filter0660","","filter_java"
"filter0661","","filter_main_keep_versions"
"filter0662","","filter_import"
"filter0663","","filter_main_generic"
"filter0664","","filter_optional_system32"
"filter0665","","filter_main_powershell"
"filter0666","","filter_main_wsl_windowsapps"
"filter0667","","filter_main_creation"
"filter0668","","filter_main_generic_parent"
"filter0669","","filter_optional_webex"
"filter0670","","filter_optional_thor"
"filter0671","","filter_optional_winzip"
"filter0672","","filter_optional_vcred"
"filter0673","","filter_main_dotx"
"filter0674","","filter_main_rundll32"
"filter0675","","filter_main_rundll32"
"filter0676","","filter"
"filter0677","","filter_optional_ibm"
"filter0678","","filter_optional_citrix"
"filter0679","","filter_main_wmiprvse"
"filter0680","","filter_optional_null_parent"
"filter0681","","filter_optional_installer"
"filter0682","","filter_main_extension_xml"
"filter0683","","filter_main_system_process"
"filter0684","","filter_main_rundll32"
"filter0685","","filter_optional_third_party"
"filter0686","","filter_main_legit_location"
"filter0687","","filter"
"filter0688","","filter_optional_datev"
"filter0689","","filter_main_valid_ip"
"filter0690","","filter_main_explorer"
"filter0691","","filter_optional_logonscripts"
"filter0692","","filter_optional_windows_core"
"filter0693","","filter_optional_proquota"
"filter0694","","filter_optional_citrix"
"filter0695","","filter_optional_image_null"
"filter0696","","filter_optional_avast"
"filter0697","","filter_optional_openvpn"
"filter0698","","filter_optional_protonvpn"
"filter0699","","filter_main_envpath"
"filter0700","","filter_correct"
"filter0701","","filter_missing"
"filter0702","","filter"
"filter0703","","filter_optional_avira"
"filter0704","","filter_optional_manageengine"
"filter0705","","filter"
"filter0706","","filter_main_generic"
"filter0707","","filter_main_legit_name"
"filter0708","","filter_optional_iis"
"filter0709","","filter_parent"
"filter0710","","filter_renamed"
"filter0711","","filter_empty"
"filter0712","","filter_main_parent_code"
"filter0713","","filter_main_image_code"
"filter0714","","filter_main_known_locations"
"filter0715","","filter_main_encoding"
"filter0716","","filter_rundll32"
"filter0717","","filter_main_svchost"
"filter0718","","filter_image"
"filter0719","","filter_main_known_parents"
"filter0720","","filter_optional_ms_monitoring_agent"
"filter0721","","filter_main_parent_null"
"filter0722","","filter_main_parent_empty"
"filter0723","","filter_main_image"
"filter0724","","filter_main_msi_installers"
"filter0725","","filter_main_driver_store"
"filter0726","","filter_main_msi_rollbackfiles"
"filter0727","","filter_main_deleted"
"filter0728","","filter_main_empty"
"filter0729","","filter_main_null"
"filter0730","","filter_optional_avira"
"filter0731","","filter_optional_nvidia"
"filter0732","","filter_optional_winpakpro"
"filter0733","","filter_optional_myq_server"
"filter0734","","filter_optional_wsl"
"filter0735","","filter_optional_lzma_exe"
"filter0736","","filter_optional_firefox"
"filter0737","","filter_optional_docker"
"filter0738","","filter"
"filter0739","","filter_main_svchost"
"filter0740","","filter_optional_dropbox"
"filter0741","","filter_folder"
"filter0742","","filter_cmd_misses_flags"
"filter0743","","filter_main_known_names"
"filter0744","","filter_optional_amazonSSM"
"filter0745","","filter_optional_defender_atp"
"filter0746","","filter_main_werfault"
"filter0747","","filter_main_intune"
"filter0748","","filter_import"
"filter0749","","filter"
"filter0750","","filter_main_ext"
"filter0751","","filter_encoding"
"filter0752","","filter_azure"
"filter0753","","filter_main_dll_ext"
"filter0754","","filter_main_programfiles"
"filter0755","","filter_main_sdiagnhost"
"filter0756","","filter_main_w3p"
"filter0757","","filter_optional_chocolatey"
"filter0758","","filter_optional_defender"
"filter0759","","filter_optional_ansible"
"filter0760","","filter"
"filter0761","","filter_optional_team_viewer"
"filter0762","","filter_optional_avira_install"
"filter0763","","filter_optional_avira_other"
"filter0764","","filter_optional_klite_codec"
"filter0765","","filter_main_rundll32_known_exports"
"filter0766","","filter_main_known_names"
"filter0767","","filter_optional_google_drive"
"filter0768","","filter_optional_citrix"
"filter0769","","filter_main_legit_location"
"filter0770","","filter_optional_wsl"
"filter0771","","filter_main_msiexec"
"filter0772","","filter_optional_intel"
"filter0773","","filter_main_img_location"
"filter0774","","filter_main_ofn"
"filter0775","","filter"
"filter0776","","filter_main_msiexec"
"filter0777","","filter_main_legit_location"
"filter0778","","filter_main_cmd_bits"
"filter0779","","filter_main_powershell_noprofile"
"filter0780","","filter"
"filter0781","","filter"
"filter0782","","filter"
"filter0783","","filter_main_valid_ip"
"filter0784","","filter_local_ips"
"filter0785","","filter"
"filter0786","","filter_img"
"filter0787","","filter_null"
"filter0788","","filter_programfiles"
"filter0789","","filter_user"
"filter0790","","filter_main_currentdirectory"
"filter0791","","filter_main_empty"
"filter0792","","filter_main_null"
"filter0793","","filter_main_legitimate"
"filter0794","","filter"
"filter0795","","filter"
"filter0796","","filter_main_winlogon"
"filter0797","","filter_main_empty"
"filter0798","","filter_main_null"
"filter0799","","filter"
"filter0800","","filter"
"filter0801","","filter"
"filter0802","","filter"
"filter0803","","filter_main_known_fs"
"filter0804","","filter_main_legit_location"
"filter0805","","filter_main_fp_1"
"filter0806","","filter_main_fp_2"
"filter0807","","filter"
"filter0808","","filter_parent"
"filter0809","","filter_null"
"filter0810","","filter_1"
"filter0811","","filter_2"
"filter0812","","filter_main_img"
"filter0813","","filter"
"filter0814","","filter_main_werfault"
"filter0815","","filter_main_wmiprvse"
"filter0816","","filter_main_msiexec"
"filter0817","","filter_img"
"filter0818","","filter_main_legit_name"
"filter0819","","filter_main_normal_usecase"
"filter0820","","filter_iis_setup"
"filter0821","","filter_main_parent_not_sys"
"filter0822","","filter_optional_teamviewer"
"filter0823","","filter_optional_office"
"filter0824","","filter_optional_avira"
"filter0825","","filter_conhost"
"filter0826","","filter_oleconverter"
"filter0827","","filter_main_builtin"
"filter0828","","filter_optional_java"
"filter0829","","filter"
"filter0830","","filter_rename"
"filter0831","","filter_main_werfault"
"filter0832","","filter_seven_zip"
"filter0833","","filter_main_programfiles"
"filter0834","","filter_main_sdiagnhost"
"filter0835","","filter_main_w3p"
"filter0836","","filter_optional_chocolatey"
"filter0837","","filter_optional_defender"
"filter0838","","filter_optional_ansible"
"filter0839","","filter_main_img"
"filter0840","","filter_main_legit_ext"
"filter0841","","filter_optional_pascal"
"filter0842","","filter_optional_avg"
"filter0843","","filter_main_null_4688"
"filter0844","","filter_main_empty_4688"
"filter0845","","filter_main_known_locations"
"filter0846","","filter"
"filter0847","","filter_main_unrar"
"filter0848","","filter_main_path"
"filter0849","","filter_optional_temp"
"filter0850","","filter_hotpotatoes"
"filter0851","","filter_optional_dropbox"
"filter0852","","filter_main_generic"
"filter0853","","filter_optional_manageengine"
"filter0854","","filter_optional_asgard"
"filter0855","","filter_optional_ibm_spectrumprotect"
"filter0856","","filter_main_parent_null"
"filter0857","","filter_main_parent_empty"
"filter0858","","filter_main_screensaver"
"filter0859","","filter_main_parent_cpl"
"filter0860","","filter_main_startmenu"
"filter0861","","filter_main_flag"
"filter0862","","filter"
"filter0863","","filter_main_addinroot"
"filter0864","","filter_main_rpcproxy"
"filter0865","","filter"
"filter0866","","filter_optional_dropbox"
"filter0867","","filter_main_uninstall"
"filter0868","","filter_main_generic"
"filter0869","","filter_main_parent_null"
"filter0870","","filter_main_parent_empty"
"filter0871","","filter"
"filter0872","","filter_optional_remote_signed"
"filter0873","","filter_msiexec"
"filter0874","","filter_main_generic"
"filter0875","","filter_main_dll_ext"
"filter0876","","filter"
"filter0877","","filter_main_seven_zip"
"filter0878","","filter_optional_terminal"
"filter0879","","filter_installer"
"filter0880","","filter_sophos"
"filter0881","","filter_avira"
"filter0882","","filter_avast"
"filter0883","","filter_google_update"
"filter0884","","filter_apple"
"filter0885","","filter_optional_edge_update"
"filter0886","","filter_optional_chromium_installer"
"filter0887","","filter_main_legit_location"
"filter0888","","filter_main_build"
"filter0889","","filter_optional_mpcmdrun"
"filter0890","","filter_optional_compatTelRunner"
"filter0891","","filter_lsass"
"filter0892","","filter"
"filter0893","","filter"
"filter0894","","filter_main_legit_names"
"filter0895","","filter_main_ext"
"filter0896","","filter_main_csrss"
"filter0897","","filter_main_notepad"
"filter0898","","filter_main_sethc"
"filter0899","","filter_optional_aurora_1"
"filter0900","","filter_optional_aurora_2"
"filter0901","","filter_optional_vmtoolsd"
"filter0902","","filter_optional_xerox_pjems"
"filter0903","","filter_main_winlogon_1"
"filter0904","","filter_main_winlogon_2"
"filter0905","","filter_main_schtasks_conhost"
"filter0906","","filter_main_explorer"
"filter0907","","filter_main_system"
"filter0908","","filter_main_msiexec_1"
"filter0909","","filter_main_msiexec_2"
"filter0910","","filter_main_iexplore"
"filter0911","","filter_main_powerpnt"
"filter0912","","filter_optional_aurora_smartconsole1"
"filter0913","","filter_optional_aurora_smartconsole2"
"filter0914","","filter_optional_powerpnt"
"filter0915","","filter_main_null"
"filter0916","","filter_main_empty"
"filter0917","","filter_optional_onedrive"
"filter0918","","filter_optional_aurora"
"filter0919","","filter_optional_officesetup"
"filter0920","","filter_main_conhost"
"filter0921","","filter_main_provtol_svchost"
"filter0922","","filter_main_userinit"
"filter0923","","filter_main_winword"
"filter0924","","filter_optional_explorer_vmtools"
"filter0925","","filter_svchost"
"filter0926","","filter_office"
"filter0927","","filter_integrator"
"filter0928","","filter_dropbox"
"filter0929","","filter_wireshark"
"filter0930","","filter_opera"
"filter0931","","filter_peazip"
"filter0932","","filter_everything"
"filter0933","","filter_uninstallers"
"filter0934","","filter_java"
"filter0935","","filter"
"filter0936","","filter"
"filter0937","","filter"
"filter0938","","filter_svchost"
"filter0939","","filter_sel3"
"filter0940","","filter_atbroker"
"filter0941","","filter_uninstallers"
"filter0942","","filter"
"filter0943","","filter_main_msiexec"
"filter0944","","filter"
"filter0945","","filter_optional_chrome"
"filter0946","","filter_optional_edge"
"filter0947","","filter"
"filter0948","","filter_domain_controller"
"filter0949","","filter_main_empty"
"filter0950","","filter_main_office"
"filter0951","","filter_empty"
"filter0952","","filter_edge"
"filter0953","","filter_msoffice1"
"filter0954","","filter_msoffice2"
"filter0955","","filter_evernote"
"filter0956","","filter_dotnet"
"filter0957","","filter_office"
"filter0958","","filter_ms_win_desktop_runtime"
"filter0959","","filter_vcredist"
"filter0960","","filter_upgrades"
"filter0961","","filter_uninstallers"
"filter0962","","filter_msiexec"
"filter0963","","filter"
"filter0964","","filter_main_windows_update"
"filter0965","","filter"
"filter0966","","filter_dotnet"
"filter0967","","filter"
"filter0968","","filter"
"filter0969","","filter_main_svchost"
"filter0970","","filter_main_w32time"
"filter0971","","filter"
"filter0972","","filter_optional_symantec"
"filter0973","","filter_main_known_locations"
"filter0974","","filter"
"filter0975","","filter_main_trustedinstaller"
"filter0976","","filter_main_tiworker"
"filter0977","","filter_empty"
"filter0978","","filter_msoffice"
"filter0979","","filter_drivers"
"filter0980","","filter_svchost"
"filter0981","","filter"
"filter0982","","filter_main_ms_trusted"
"filter0983","","filter_main_generic_locations"
"filter0984","","filter"
"filter0985","","filter_poqexec"
"filter0986","","filter_office"
"filter0987","","filter_office2"
"filter0988","","filter_svchost"
"filter0989","","filter_misexec"
"filter0990","","filter_msmpeng_client"
"filter0991","","filter_msmpeng_domain_controller"
"filter0992","","filter_main_generic"
"filter0993","","filter"
"filter0994","","filter_optional_sophos"
"filter0995","","filter_1"
"filter0996","","filter_main_default_value"
"filter0997","","filter_main_port"
"filter0998","","filter_exclude_known_paths"
"filter0999","","filter_main_office_click_to_run"
"filter1000","","filter_main_office_apps"
"filter1001","","filter_empty"
"filter1002","","filter_known_addins"
"filter1003","","filter_officeclicktorun"
"filter1004","","filter_avg"
"filter1005","","filter_main_default"
"filter1006","","filter"
"filter1007","","filter_empty"
"filter1008","","filter_chrome"
"filter1009","","filter_edge"
"filter1010","","filter_IE"
"filter1011","","filter_image"
"filter1012","","filter_office"
"filter1013","","filter"
"filter1014","","filter"
"filter1015","","filter_main_image_names"
"filter1016","","filter_optional_null"
"filter1017","","filter"
"filter1018","","filter"
"filter1019","","filter"
"filter1020","","filter_main_wevutil"
"filter1021","","filter_main_iis"
"filter1022","","filter_main_svchost"
"filter1023","","filter_main_trusted_installer"
"filter1024","","filter_optional_empty"
"filter1025","","filter_optional_null"
"filter1026","","filter_default_targets"
"filter1027","","filter_generic_paths"
"filter1028","","filter_main_empty"
"filter1029","","filter_main_legitimate_subkey"
"filter1030","","filter_main_security_extension_dc"
"filter1031","","filter_main_runtimebroker"
"filter1032","","filter_optional_edge"
"filter1033","","filter_optional_officeclicktorun"
"filter1034","","filter_optional_ngen"
"filter1035","","filter_optional_onedrive"
"filter1036","","filter_main_printextensionmanger"
"filter1037","","filter_main_domain_controller"
"filter1038","","filter_main_poqexec"
"filter1039","","filter_optional_safetica"
"filter1040","","filter_main_sentinelone_default_scan_binary"
"filter1041","","filter_main_sentinelone_binary"
"filter1042","","filter_default_redirect_program"
"filter1043","","filter_default_redirect_program_cli"
"filter1044","","filter_url"
"filter1045","","filter_cleaner"
"filter1046","","filter_main_generic"
"filter1047","","filter_cutepdf"
"filter1048","","filter_vnc"
"filter1049","","filter_pdf24"
"filter1050","","filter"
"filter1051","","filter_valid_procs"
"filter1052","","filter"
"filter1053","","filter"
"filter1054","","filter_main_svchost"
"filter1055","","filter_empty"
"filter1056","","filter_cutepdf"
"filter1057","","filter_onenote"
"filter1058","","filter_poqexec"
"filter1059","","filter_realvnc"
"filter1060","","filter"
"filter1061","","filter_optional_cutepdf"
"filter1062","","filter_optional_monvnc"
"filter1063","","filter_optional_vnc"
"filter1064","","filter_main_known_extension"
"filter1065","","filter_main"
"filter1066","","filter_empty"
"filter1067","","filter_extensions"
"filter1068","","filter_toolbar"
"filter1069","","filter_main_other"
"filter1070","","filter_main_tiworker"
"filter1071","","filter_main_svchost"
"filter1072","","filter_main_ngen"
"filter1073","","filter_main_office_click_to_run"
"filter1074","","filter_main_msiexec"
"filter1075","","filter_main_explorer"
"filter1076","","filter_main_system"
"filter1077","","filter_main_runtimebroker"
"filter1078","","filter_optional_dropbox_updater"
"filter1079","","filter_optional_edge"
"filter1080","","filter_logonui"
"filter1081","","filter_edge"
"filter1082","","filter_dropbox"
"filter1083","","filter_opera"
"filter1084","","filter_itunes"
"filter1085","","filter_zoom"
"filter1086","","filter_greenshot"
"filter1087","","filter_googledrive1"
"filter1088","","filter_googledrive2"
"filter1089","","filter_onedrive"
"filter1090","","filter_python"
"filter1091","","filter_officeclicktorun"
"filter1092","","filter_defender"
"filter1093","","filter_teams"
"filter1094","","filter_ctfmon"
"filter1095","","filter_AVG"
"filter1096","","filter_aurora_dashboard"
"filter1097","","filter_everything"
"filter1098","","filter"
"filter1099","","filter_wevtutil"
"filter1100","","filter_image"
"filter1101","","filter_office"
"filter1102","","filter_teams"
"filter1103","","filter_avg"
"filter1104","","filter_main_generic"
"filter1105","","filter_optional_opera"
"filter1106","","filter_optional_edge"
"filter1107","","filter_optional_chrome"
"filter1108","","filter_optional_firefox"
"filter1109","","filter_optional_ie"
"filter1110","","filter_optional_edge_2"
"filter1111","","filter_optional_safari"
"filter1112","","filter_optional_defender"
"filter1113","","filter_optional_brave"
"filter1114","","filter_optional_maxthon"
"filter1115","","filter_optional_opera"
"filter1116","","filter_optional_seamonkey"
"filter1117","","filter_optional_vivaldi"
"filter1118","","filter_optional_whale"
"filter1119","","filter_optional_tor"
"filter1120","","filter_optional_whaterfox"
"filter1121","","filter_optional_midori"
"filter1122","","filter_optional_slimbrowser"
"filter1123","","filter_optional_flock"
"filter1124","","filter_optional_phoebe"
"filter1125","","filter_optional_falkon"
"filter1126","","filter_optional_avant"
"filter1127","","filter_optional_chrome"
"filter1128","","filter_optional_firefox"
"filter1129","","filter_optional_ie"
"filter1130","","filter_optional_edge_2"
"filter1131","","filter_optional_safari"
"filter1132","","filter_optional_defender"
"filter1133","","filter_optional_brave"
"filter1134","","filter_optional_maxthon"
"filter1135","","filter_optional_opera"
"filter1136","","filter_optional_seamonkey"
"filter1137","","filter_optional_vivaldi"
"filter1138","","filter_optional_whale"
"filter1139","","filter_optional_tor"
"filter1140","","filter_optional_whaterfox"
"filter1141","","filter_optional_midori"
"filter1142","","filter_optional_slimbrowser"
"filter1143","","filter_optional_flock"
"filter1144","","filter_optional_phoebe"
"filter1145","","filter_optional_falkon"
"filter1146","","filter_optional_avant"
"filter1147","","filter_optional_brave"
"filter1148","","filter_optional_chrome"
"filter1149","","filter_optional_firefox"
"filter1150","","filter_optional_ie"
"filter1151","","filter_optional_maxthon"
"filter1152","","filter_optional_edge_2"
"filter1153","","filter_optional_opera"
"filter1154","","filter_optional_safari"
"filter1155","","filter_optional_seamonkey"
"filter1156","","filter_optional_vivaldi"
"filter1157","","filter_optional_whale"
"filter1158","","filter_main_teamviewer"
"filter1159","","filter_main_msbuild"
"filter1160","","filter_main_known_processes"
"filter1161","","filter_main_generic"
"filter1162","","filter_main_msdefender"
"filter1163","","filter_main_generic"
"filter1164","","filter_optional_malwarebytes"
"filter1165","","filter_optional_vscode"
"filter1166","","filter_main_windefend_1"
"filter1167","","filter_main_windefend_2"
"filter1168","","filter_main_windefend_3"
"filter1169","","filter_optional_vmwaretools"
"filter1170","","filter_optional_sysinternals_process_explorer"
"filter1171","","filter_optional_mbami"
"filter1172","","filter_optional_nextron"
"filter1173","","filter_main_explorer"
"filter1174","","filter_optional_sysinternals_handle"
"filter1175","","filter_optional_webex"
"filter1176","","filter_optional_steam_apps"
"filter1177","","filter_main_access"
"filter1178","","filter_main_system_user"
"filter1179","","filter_optional_thor"
"filter1180","","filter_optional_sysmon"
"filter1181","","filter_main_vcredist"
"filter1182","","filter_main_generic"
"filter1183","","filter_main_kerneltrace_edge"
"filter1184","","filter_optional_vmware"
"filter1185","","filter_optional_cylance"
"filter1186","","filter_optional_amazon"
"filter1187","","filter_optional_vscode"
"filter1188","","filter_optional_teams"
"filter1189","","filter_optional_discord"
"filter1190","","filter_optional_yammer"
"filter1191","","filter_optional_evernote"
"filter1192","","filter_optional_adobe_acrobat"
"filter1193","","filter_optional_amazon_ec2"
"filter1194","","filter"
"filter1195","","filter_optional_chocolatey"
"filter1196","","filter_chocolatey"
"filter1197","","filter_optional_module_export"
"filter1198","","filter"
"filter1199","","filter_envpath"
"filter1200","","filter_chocolatey"
"filter1201","","filter_exchange"
"filter1202","","filter"
"filter1203","","filter_powershell"
"filter1204","","filter_sdiagnhost"
"filter1205","","filter_citrix"
"filter1206","","filter_adace"
"filter1207","","filter_winrm"
"filter1208","","filter_help_update"
"filter1209","","filter_pwsh_archive"
"filter1210","","filter_chocolatey"
"filter1211","","filter_main"
"filter1212","","filter_main_ps"
"filter1213","","filter_main_host_application_null"
"filter1214","","filter"
"filter1215","","filter_main_local_ranges"
"filter1216","","filter"
"filter1217","","filter_optional_localhost"
"filter1218","","filter_main_expected"
"filter1219","","filter"
"filter1220","","filter_main_local_ips"
"filter1221","","filter_main_onedrive"
"filter1222","","filter"
"filter1223","","filter_main_status"
"filter1224","","filter"
"filter1225","","filter"
"filter1226","","filter"
"filter1227","","filter_main_system_paths"
"filter1228","","filter_optional_teams"
"filter1229","","filter_optional_zoom"
"filter1230","","filter_optional_firefox"
"filter1231","","filter_optional_chrome"
"filter1232","","filter_optional_opera"
"filter1233","","filter_optional_discord"
"filter1234","","filter_main_legit_extension"
"filter1235","","filter_main_legit_extension"
"filter1236","","filter_main_empty"
"filter1237","","filter_main_system_user"
"filter1238","","filter_main_legit_oleview_paths"
"filter1239","","filter_optional_known_oleview_paths"
"filter1240","","filter_main_is_signed"
"filter1241","","filter"
"filter1242","","filter"
"filter1243","","filter_legitimate_dll"
"filter1244","","filter_ide"
"filter1245","","filter_main_exclude_temp"
"filter1246","","filter"
"filter1247","","filter"
"filter1248","","filter_svchost"
"filter1249","","filter_regsvr"
"filter1250","","filter"
"filter1251","","filter_main_fixed_version"
"filter1252","","filter_main_locations"
"filter1253","","filter_main_locations"
"filter1254","","filter_main_ulimit"
"filter1255","","filter_main_local_ips"
"filter1256","","filter_main"
"filter1257","","filter_main_repadmin"
"filter1258","","filter_main_cli_name"
"filter1259","","filter_main_cli_empty"
"filter1260","","filter_main_cli_null"
"filter1261","","filter_main_system_location"
"filter1262","","filter_main_extension"
"filter1263","","filter_main_legit_sndvol"
"filter1264","","filter_main_legit_autoit_location"
"filter1265","","filter"
"filter1266","","filter_cammute"
"filter1267","","filter_chrome_frame"
"filter1268","","filter_devemu"
"filter1269","","filter_gadget"
"filter1270","","filter_hcc"
"filter1271","","filter_hkcmd"
"filter1272","","filter_mc"
"filter1273","","filter_msmpeng"
"filter1274","","filter_msseces"
"filter1275","","filter_oinfo"
"filter1276","","filter_oleview"
"filter1277","","filter_rc"
"filter1278","","filter_main_null"
"filter1279","","filter_main_temp_sysmon"
"filter1280","","filter_main_generic"
"filter1281","","filter_main_null"
"filter1282","","filter"
"filter1283","","filter_main_ua"
"filter1284","","filter_main_ua"
"filter1285","","filter_main_legit_regsvr32"
"filter1286","","filter_main_system"
"filter1287","","filter_main_razer"
"filter1288","","filter"
"filter1289","","filter_main_status"
"filter1290","","filter_main_shells"
"filter1291","","filter"
"filter1292","","filter"
"filter1293","","filter1"
"filter1294","","filter2"
"filter1295","","filter"
"filter1296","","filter_main_legit"
"filter1297","","filter"
