"id:ID",":EventID"
"1",""
"1000",""
"10001",""
"1001",""
"1006",""
"1007",""
"1009",""
"101",""
"1031",""
"1033",""
"104",""
"1040",""
"11",""
"1116",""
"1121",""
"12",""
"129",""
"141",""
"150",""
"15457",""
"157",""
"16",""
"16403",""
"16990",""
"18456",""
"19",""
"2004",""
"2006",""
"2027",""
"2033",""
"21",""
"216",""
"257",""
"26",""
"27",""
"28",""
"28115",""
"29",""
"3",""
"300",""
"3001",""
"3002",""
"3008",""
"3021",""
"3023",""
"3032",""
"3036",""
"3037",""
"3077",""
"30803",""
"3082",""
"31017",""
"3104",""
"316",""
"325",""
"33205",""
"35",""
"39",""
"4",""
"400",""
"401",""
"40300",""
"412",""
"42",""
"441",""
"4611",""
"4624",""
"4625",""
"4648",""
"4649",""
"4656",""
"4657",""
"4661",""
"4662",""
"4663",""
"4673",""
"4674",""
"4692",""
"4697",""
"4698",""
"4699",""
"4701",""
"4702",""
"4704",""
"4706",""
"4719",""
"4720",""
"4727",""
"4732",""
"4738",""
"4742",""
"4765",""
"4768",""
"4769",""
"4776",""
"4781",""
"4794",""
"4799",""
"4825",""
"4898",""
"5001",""
"5007",""
"5010",""
"5012",""
"5013",""
"5101",""
"5136",""
"5140",""
"5145",""
"5156",""
"5157",""
"517",""
"524",""
"5379",""
"5441",""
"5447",""
"55",""
"56",""
"5805",""
"5829",""
"6",""
"6004",""
"6038",""
"6423",""
"675",""
"70",""
"7023",""
"7034",""
"7036",""
"7045",""
"8001",""
"8004",""
"808",""
"8128",""
"854",""
"865",""
