:START_ID,:END_ID,:TYPE,properties
CommandLine:ğŸ™…ğŸ¿,CommandLine,Field,
CommandLine:ğŸ™…ğŸ¿â€â™‚ï¸,CommandLine,Field,
CommandLine:ğŸ™†ğŸ¿â€â™€ï¸,CommandLine,Field,
CommandLine:ğŸ™†ğŸ¿,CommandLine,Field,
CommandLine:ğŸ™†ğŸ¿â€â™‚ï¸,CommandLine,Field,
CommandLine:ğŸ™‹ğŸ¿â€â™€ï¸,CommandLine,Field,
CommandLine:ğŸ™‹ğŸ¿,CommandLine,Field,
CommandLine:ğŸ™‹ğŸ¿â€â™‚ï¸,CommandLine,Field,
CommandLine:ğŸ§ğŸ¿â€â™€ï¸,CommandLine,Field,
CommandLine:ğŸ§ğŸ¿,CommandLine,Field,
CommandLine:ğŸ§ğŸ¿â€â™‚ï¸,CommandLine,Field,
CommandLine:ğŸ¤¦ğŸ¿â€â™€ï¸,CommandLine,Field,
CommandLine:ğŸ¤¦ğŸ¿,CommandLine,Field,
CommandLine:ğŸ¤¦ğŸ¿â€â™‚ï¸,CommandLine,Field,
CommandLine:ğŸ¤·ğŸ¿â€â™€ï¸,CommandLine,Field,
CommandLine:ğŸ¤·ğŸ¿,CommandLine,Field,
CommandLine:ğŸ¤·ğŸ¿â€â™‚ï¸,CommandLine,Field,
CommandLine:ğŸ™ğŸ¿â€â™€ï¸,CommandLine,Field,
CommandLine:ğŸ™ğŸ¿,CommandLine,Field,
CommandLine:ğŸ™ğŸ¿â€â™‚ï¸,CommandLine,Field,
CommandLine:ğŸ™ğŸ¿â€â™€ï¸,CommandLine,Field,
CommandLine:ğŸ™ğŸ¿,CommandLine,Field,
CommandLine:ğŸ™ğŸ¿â€â™‚ï¸,CommandLine,Field,
CommandLine:ğŸ’‡ğŸ¿â€â™€ï¸,CommandLine,Field,
CommandLine:ğŸ’‡ğŸ¿,CommandLine,Field,
CommandLine:ğŸ’‡ğŸ¿â€â™‚ï¸,CommandLine,Field,
CommandLine:ğŸ’†ğŸ¿â€â™€ï¸,CommandLine,Field,
CommandLine:ğŸ’†ğŸ¿,CommandLine,Field,
CommandLine:ğŸ’†ğŸ¿â€â™‚ï¸,CommandLine,Field,
CommandLine:ğŸ§–ğŸ¿â€â™€ï¸,CommandLine,Field,
CommandLine:ğŸ§–ğŸ¿,CommandLine,Field,
CommandLine:ğŸ§–ğŸ¿â€â™‚ï¸,CommandLine,Field,
CommandLine:ğŸ’ƒğŸ¿,CommandLine,Field,
CommandLine:ğŸ•ºğŸ¿,CommandLine,Field,
CommandLine:ğŸ•´ğŸ¿,CommandLine,Field,
CommandLine:ğŸ‘©ğŸ¿â€ğŸ¦½,CommandLine,Field,
CommandLine:ğŸ§‘ğŸ¿â€ğŸ¦½,CommandLine,Field,
CommandLine:ğŸ‘¨ğŸ¿â€ğŸ¦½,CommandLine,Field,
CommandLine:ğŸ‘©ğŸ¿â€ğŸ¦¼,CommandLine,Field,
CommandLine:ğŸ§‘ğŸ¿â€ğŸ¦¼,CommandLine,Field,
CommandLine:ğŸ‘¨ğŸ¿â€ğŸ¦¼,CommandLine,Field,
CommandLine:ğŸš¶ğŸ¿â€â™€ï¸,CommandLine,Field,
CommandLine:ğŸš¶ğŸ¿,CommandLine,Field,
CommandLine:ğŸš¶ğŸ¿â€â™‚ï¸,CommandLine,Field,
CommandLine:ğŸ‘©ğŸ¿â€ğŸ¦¯,CommandLine,Field,
CommandLine:ğŸ§‘ğŸ¿â€ğŸ¦¯,CommandLine,Field,
CommandLine:ğŸ‘¨ğŸ¿â€ğŸ¦¯,CommandLine,Field,
CommandLine:ğŸ§ğŸ¿â€â™€ï¸,CommandLine,Field,
CommandLine:ğŸ§ğŸ¿,CommandLine,Field,
CommandLine:ğŸ§ğŸ¿â€â™‚ï¸,CommandLine,Field,
CommandLine:ğŸƒğŸ¿â€â™€ï¸,CommandLine,Field,
CommandLine:ğŸƒğŸ¿,CommandLine,Field,
CommandLine:ğŸƒğŸ¿â€â™‚ï¸,CommandLine,Field,
CommandLine:ğŸ§ğŸ¿â€â™€ï¸,CommandLine,Field,
CommandLine:ğŸ§ğŸ¿,CommandLine,Field,
CommandLine:ğŸ§ğŸ¿â€â™‚ï¸,CommandLine,Field,
CommandLine:ğŸ‘­ğŸ¿,CommandLine,Field,
CommandLine:ğŸ§‘ğŸ¿â€ğŸ¤â€ğŸ§‘ğŸ¿,CommandLine,Field,
CommandLine:ğŸ‘¬ğŸ¿,CommandLine,Field,
CommandLine:ğŸ‘«ğŸ¿,CommandLine,Field,
CommandLine:ğŸ§—ğŸ¿â€â™€ï¸,CommandLine,Field,
CommandLine:ğŸ§—ğŸ¿,CommandLine,Field,
CommandLine:ğŸ§—ğŸ¿â€â™‚ï¸,CommandLine,Field,
CommandLine:ğŸ‡ğŸ¿,CommandLine,Field,
CommandLine:ğŸ‚ğŸ¿,CommandLine,Field,
CommandLine:ğŸŒğŸ¿â€â™€ï¸,CommandLine,Field,
CommandLine:ğŸŒğŸ¿,CommandLine,Field,
CommandLine:ğŸŒğŸ¿â€â™‚ï¸,CommandLine,Field,
CommandLine:ğŸ„ğŸ¿â€â™€ï¸,CommandLine,Field,
CommandLine:ğŸ„ğŸ¿,CommandLine,Field,
CommandLine:ğŸ„ğŸ¿â€â™‚ï¸,CommandLine,Field,
CommandLine:ğŸš£ğŸ¿â€â™€ï¸,CommandLine,Field,
CommandLine:ğŸš£ğŸ¿,CommandLine,Field,
CommandLine:ğŸš£ğŸ¿â€â™‚ï¸,CommandLine,Field,
CommandLine:ğŸŠğŸ¿â€â™€ï¸,CommandLine,Field,
CommandLine:ğŸŠğŸ¿,CommandLine,Field,
CommandLine:ğŸŠğŸ¿â€â™‚ï¸,CommandLine,Field,
CommandLine:â›¹ğŸ¿â€â™€ï¸,CommandLine,Field,
CommandLine:â›¹ğŸ¿,CommandLine,Field,
CommandLine:â›¹ğŸ¿â€â™‚ï¸,CommandLine,Field,
CommandLine:ğŸ‹ğŸ¿â€â™€ï¸,CommandLine,Field,
CommandLine:ğŸ‹ğŸ¿,CommandLine,Field,
CommandLine:ğŸ‹ğŸ¿â€â™‚ï¸,CommandLine,Field,
CommandLine:ğŸš´ğŸ¿â€â™€ï¸,CommandLine,Field,
CommandLine:ğŸš´ğŸ¿,CommandLine,Field,
CommandLine:ğŸš´ğŸ¿â€â™‚ï¸,CommandLine,Field,
CommandLine:ğŸšµğŸ¿â€â™€ï¸,CommandLine,Field,
CommandLine:ğŸšµğŸ¿,CommandLine,Field,
CommandLine:ğŸšµğŸ¿â€â™‚ï¸,CommandLine,Field,
CommandLine:ğŸ¤¸ğŸ¿â€â™€ï¸,CommandLine,Field,
CommandLine:ğŸ¤¸ğŸ¿,CommandLine,Field,
CommandLine:ğŸ¤¸ğŸ¿â€â™‚ï¸,CommandLine,Field,
CommandLine:ğŸ¤½ğŸ¿â€â™€ï¸,CommandLine,Field,
CommandLine:ğŸ¤½ğŸ¿,CommandLine,Field,
CommandLine:ğŸ¤½ğŸ¿â€â™‚ï¸,CommandLine,Field,
CommandLine:ğŸ¤¾ğŸ¿â€â™€ï¸,CommandLine,Field,
CommandLine:ğŸ¤¾ğŸ¿,CommandLine,Field,
CommandLine:ğŸ¤¾ğŸ¿â€â™‚ï¸,CommandLine,Field,
CommandLine:ğŸ¤¹ğŸ¿â€â™€ï¸,CommandLine,Field,
CommandLine:ğŸ¤¹ğŸ¿,CommandLine,Field,
CommandLine:ğŸ¤¹ğŸ¿â€â™‚ï¸,CommandLine,Field,
CommandLine:ğŸ§˜ğŸ¿â€â™€ï¸,CommandLine,Field,
CommandLine:ğŸ§˜ğŸ¿,CommandLine,Field,
CommandLine:ğŸ§˜ğŸ¿â€â™‚ï¸,CommandLine,Field,
CommandLine:ğŸ›€ğŸ¿,CommandLine,Field,
CommandLine:ğŸ›ŒğŸ¿,CommandLine,Field,
CommandLine:ğŸ¶,CommandLine,Field,
CommandLine:ğŸ±,CommandLine,Field,
CommandLine:ğŸ­,CommandLine,Field,
CommandLine:ğŸ¹,CommandLine,Field,
CommandLine:ğŸ°,CommandLine,Field,
CommandLine:ğŸ¦Š,CommandLine,Field,
CommandLine:ğŸ»,CommandLine,Field,
CommandLine:ğŸ¼,CommandLine,Field,
CommandLine:ğŸ»â€â„ï¸,CommandLine,Field,
CommandLine:ğŸ¨,CommandLine,Field,
CommandLine:ğŸ¯,CommandLine,Field,
CommandLine:ğŸ¦,CommandLine,Field,
CommandLine:ğŸ®,CommandLine,Field,
CommandLine:ğŸ·,CommandLine,Field,
CommandLine:ğŸ½,CommandLine,Field,
CommandLine:ğŸ¸,CommandLine,Field,
CommandLine:ğŸµ,CommandLine,Field,
CommandLine:ğŸ™ˆ,CommandLine,Field,
CommandLine:ğŸ™‰,CommandLine,Field,
CommandLine:ğŸ™Š,CommandLine,Field,
CommandLine:ğŸ’,CommandLine,Field,
CommandLine:ğŸ”,CommandLine,Field,
CommandLine:ğŸ§,CommandLine,Field,
CommandLine:ğŸ¦,CommandLine,Field,
CommandLine:ğŸ¤,CommandLine,Field,
CommandLine:ğŸ£,CommandLine,Field,
CommandLine:ğŸ¥,CommandLine,Field,
CommandLine: -c,CommandLine,Field,
ParentImage:C:\\Program Files\\Python,ParentImage,Field,
ParentImage:\\python.exe,ParentImage,Field,
ParentCommandLine:-E -s -m ensurepip -U --default-pip,ParentCommandLine,Field,
ParentImage:\\AppData\\Local\\Programs\\Microsoft VS Code\\Code.exe,ParentImage,Field,
CommandLine:<pip-setuptools-caller>,CommandLine,Field,
CommandLine:exec(compile(,CommandLine,Field,
ParentImage:\\stordiag.exe,ParentImage,Field,
Image:\\schtasks.exe,Image,Field,
Image:\\systeminfo.exe,Image,Field,
Image:\\fltmc.exe,Image,Field,
ParentImage:c:\\windows\\system32\\,ParentImage,Field,
ParentImage:c:\\windows\\syswow64\\,ParentImage,Field,
CommandLine:powershell,CommandLine,Field,
CommandLine:.DownloadFile,CommandLine,Field,
CommandLine:System.Net.WebClient,CommandLine,Field,
ParentImage:\\GoogleUpdate.exe,ParentImage,Field,
Image:None,Image,Field,
CommandLine:Add-Exfiltration,CommandLine,Field,
CommandLine:Add-Persistence,CommandLine,Field,
CommandLine:Add-RegBackdoor,CommandLine,Field,
CommandLine:Add-RemoteRegBackdoor,CommandLine,Field,
CommandLine:Add-ScrnSaveBackdoor,CommandLine,Field,
CommandLine:Check-VM,CommandLine,Field,
CommandLine:ConvertTo-Rc4ByteStream,CommandLine,Field,
CommandLine:Decrypt-Hash,CommandLine,Field,
CommandLine:Disable-ADIDNSNode,CommandLine,Field,
CommandLine:Disable-MachineAccount,CommandLine,Field,
CommandLine:Do-Exfiltration,CommandLine,Field,
CommandLine:Enable-ADIDNSNode,CommandLine,Field,
CommandLine:Enable-MachineAccount,CommandLine,Field,
CommandLine:Enabled-DuplicateToken,CommandLine,Field,
CommandLine:Exploit-Jboss,CommandLine,Field,
CommandLine:Export-ADR,CommandLine,Field,
CommandLine:Export-ADRCSV,CommandLine,Field,
CommandLine:Export-ADRExcel,CommandLine,Field,
CommandLine:Export-ADRHTML,CommandLine,Field,
CommandLine:Export-ADRJSON,CommandLine,Field,
CommandLine:Export-ADRXML,CommandLine,Field,
CommandLine:Find-Fruit,CommandLine,Field,
CommandLine:Find-GPOLocation,CommandLine,Field,
CommandLine:Find-TrustedDocuments,CommandLine,Field,
CommandLine:Get-ADIDNS,CommandLine,Field,
CommandLine:Get-ApplicationHost,CommandLine,Field,
CommandLine:Get-ChromeDump,CommandLine,Field,
CommandLine:Get-ClipboardContents,CommandLine,Field,
CommandLine:Get-FoxDump,CommandLine,Field,
CommandLine:Get-GPPPassword,CommandLine,Field,
CommandLine:Get-IndexedItem,CommandLine,Field,
CommandLine:Get-KerberosAESKey,CommandLine,Field,
CommandLine:Get-Keystrokes,CommandLine,Field,
CommandLine:Get-LSASecret,CommandLine,Field,
CommandLine:Get-MachineAccountAttribute,CommandLine,Field,
CommandLine:Get-MachineAccountCreator,CommandLine,Field,
CommandLine:Get-PassHashes,CommandLine,Field,
CommandLine:Get-RegAlwaysInstallElevated,CommandLine,Field,
CommandLine:Get-RegAutoLogon,CommandLine,Field,
CommandLine:Get-RemoteBootKey,CommandLine,Field,
CommandLine:Get-RemoteCachedCredential,CommandLine,Field,
CommandLine:Get-RemoteLocalAccountHash,CommandLine,Field,
CommandLine:Get-RemoteLSAKey,CommandLine,Field,
CommandLine:Get-RemoteMachineAccountHash,CommandLine,Field,
CommandLine:Get-RemoteNLKMKey,CommandLine,Field,
CommandLine:Get-RickAstley,CommandLine,Field,
CommandLine:Get-Screenshot,CommandLine,Field,
CommandLine:Get-SecurityPackages,CommandLine,Field,
CommandLine:Get-ServiceFilePermission,CommandLine,Field,
CommandLine:Get-ServicePermission,CommandLine,Field,
CommandLine:Get-ServiceUnquoted,CommandLine,Field,
CommandLine:Get-SiteListPassword,CommandLine,Field,
CommandLine:Get-System,CommandLine,Field,
CommandLine:Get-TimedScreenshot,CommandLine,Field,
CommandLine:Get-UnattendedInstallFile,CommandLine,Field,
CommandLine:Get-Unconstrained,CommandLine,Field,
CommandLine:Get-USBKeystrokes,CommandLine,Field,
CommandLine:Get-VaultCredential,CommandLine,Field,
CommandLine:Get-VulnAutoRun,CommandLine,Field,
CommandLine:Get-VulnSchTask,CommandLine,Field,
CommandLine:Grant-ADIDNSPermission,CommandLine,Field,
CommandLine:Gupt-Backdoor,CommandLine,Field,
CommandLine:HTTP-Login,CommandLine,Field,
CommandLine:Install-ServiceBinary,CommandLine,Field,
CommandLine:Install-SSP,CommandLine,Field,
CommandLine:Invoke-ACLScanner,CommandLine,Field,
CommandLine:Invoke-ADRecon,CommandLine,Field,
CommandLine:Invoke-ADSBackdoor,CommandLine,Field,
CommandLine:Invoke-AgentSmith,CommandLine,Field,
CommandLine:Invoke-AllChecks,CommandLine,Field,
CommandLine:Invoke-ARPScan,CommandLine,Field,
CommandLine:Invoke-AzureHound,CommandLine,Field,
CommandLine:Invoke-BackdoorLNK,CommandLine,Field,
CommandLine:Invoke-BadPotato,CommandLine,Field,
CommandLine:Invoke-BetterSafetyKatz,CommandLine,Field,
CommandLine:Invoke-BypassUAC,CommandLine,Field,
CommandLine:Invoke-Carbuncle,CommandLine,Field,
CommandLine:Invoke-Certify,CommandLine,Field,
CommandLine:Invoke-ConPtyShell,CommandLine,Field,
CommandLine:Invoke-CredentialInjection,CommandLine,Field,
CommandLine:Invoke-DAFT,CommandLine,Field,
CommandLine:Invoke-DCSync,CommandLine,Field,
CommandLine:Invoke-DinvokeKatz,CommandLine,Field,
CommandLine:Invoke-DllInjection,CommandLine,Field,
CommandLine:Invoke-DNSUpdate,CommandLine,Field,
CommandLine:Invoke-DomainPasswordSpray,CommandLine,Field,
CommandLine:Invoke-DowngradeAccount,CommandLine,Field,
CommandLine:Invoke-EgressCheck,CommandLine,Field,
CommandLine:Invoke-Eyewitness,CommandLine,Field,
CommandLine:Invoke-FakeLogonScreen,CommandLine,Field,
CommandLine:Invoke-Farmer,CommandLine,Field,
CommandLine:Invoke-Get-RBCD-Threaded,CommandLine,Field,
CommandLine:Invoke-Gopher,CommandLine,Field,
CommandLine:Invoke-Grouper,CommandLine,Field,
CommandLine:Invoke-HandleKatz,CommandLine,Field,
CommandLine:Invoke-ImpersonatedProcess,CommandLine,Field,
CommandLine:Invoke-ImpersonateSystem,CommandLine,Field,
CommandLine:Invoke-InteractiveSystemPowerShell,CommandLine,Field,
CommandLine:Invoke-Internalmonologue,CommandLine,Field,
CommandLine:Invoke-Inveigh,CommandLine,Field,
CommandLine:Invoke-InveighRelay,CommandLine,Field,
CommandLine:Invoke-KrbRelay,CommandLine,Field,
CommandLine:Invoke-LdapSignCheck,CommandLine,Field,
CommandLine:Invoke-Lockless,CommandLine,Field,
CommandLine:Invoke-MalSCCM,CommandLine,Field,
CommandLine:Invoke-Mimikatz,CommandLine,Field,
CommandLine:Invoke-Mimikittenz,CommandLine,Field,
CommandLine:Invoke-MITM6,CommandLine,Field,
CommandLine:Invoke-NanoDump,CommandLine,Field,
CommandLine:Invoke-NetRipper,CommandLine,Field,
CommandLine:Invoke-Nightmare,CommandLine,Field,
CommandLine:Invoke-NinjaCopy,CommandLine,Field,
CommandLine:Invoke-OfficeScrape,CommandLine,Field,
CommandLine:Invoke-OxidResolver,CommandLine,Field,
CommandLine:Invoke-P0wnedshell,CommandLine,Field,
CommandLine:Invoke-Paranoia,CommandLine,Field,
CommandLine:Invoke-PortScan,CommandLine,Field,
CommandLine:Invoke-PoshRatHttp,CommandLine,Field,
CommandLine:Invoke-PostExfil,CommandLine,Field,
CommandLine:Invoke-PowerDump,CommandLine,Field,
CommandLine:Invoke-PowerDPAPI,CommandLine,Field,
CommandLine:Invoke-PowerShellTCP,CommandLine,Field,
CommandLine:Invoke-PowerShellWMI,CommandLine,Field,
CommandLine:Invoke-PPLDump,CommandLine,Field,
CommandLine:Invoke-PsExec,CommandLine,Field,
CommandLine:Invoke-PSInject,CommandLine,Field,
CommandLine:Invoke-PsUaCme,CommandLine,Field,
CommandLine:Invoke-ReflectivePEInjection,CommandLine,Field,
CommandLine:Invoke-ReverseDNSLookup,CommandLine,Field,
CommandLine:Invoke-Rubeus,CommandLine,Field,
CommandLine:Invoke-RunAs,CommandLine,Field,
CommandLine:Invoke-SafetyKatz,CommandLine,Field,
CommandLine:Invoke-SauronEye,CommandLine,Field,
CommandLine:Invoke-SCShell,CommandLine,Field,
CommandLine:Invoke-Seatbelt,CommandLine,Field,
CommandLine:Invoke-ServiceAbuse,CommandLine,Field,
CommandLine:Invoke-ShadowSpray,CommandLine,Field,
CommandLine:Invoke-Sharp,CommandLine,Field,
CommandLine:Invoke-Shellcode,CommandLine,Field,
CommandLine:Invoke-SMBScanner,CommandLine,Field,
CommandLine:Invoke-Snaffler,CommandLine,Field,
CommandLine:Invoke-Spoolsample,CommandLine,Field,
CommandLine:Invoke-SpraySinglePassword,CommandLine,Field,
CommandLine:Invoke-SSHCommand,CommandLine,Field,
CommandLine:Invoke-StandIn,CommandLine,Field,
CommandLine:Invoke-StickyNotesExtract,CommandLine,Field,
CommandLine:Invoke-SystemCommand,CommandLine,Field,
CommandLine:Invoke-Tasksbackdoor,CommandLine,Field,
CommandLine:Invoke-Tater,CommandLine,Field,
CommandLine:Invoke-Thunderfox,CommandLine,Field,
CommandLine:Invoke-ThunderStruck,CommandLine,Field,
CommandLine:Invoke-TokenManipulation,CommandLine,Field,
CommandLine:Invoke-Tokenvator,CommandLine,Field,
CommandLine:Invoke-TotalExec,CommandLine,Field,
CommandLine:Invoke-UrbanBishop,CommandLine,Field,
CommandLine:Invoke-UserHunter,CommandLine,Field,
CommandLine:Invoke-VoiceTroll,CommandLine,Field,
CommandLine:Invoke-Whisker,CommandLine,Field,
CommandLine:Invoke-WinEnum,CommandLine,Field,
CommandLine:Invoke-winPEAS,CommandLine,Field,
CommandLine:Invoke-WireTap,CommandLine,Field,
CommandLine:Invoke-WmiCommand,CommandLine,Field,
CommandLine:Invoke-WMIExec,CommandLine,Field,
CommandLine:Invoke-WScriptBypassUAC,CommandLine,Field,
CommandLine:Invoke-Zerologon,CommandLine,Field,
CommandLine:MailRaider,CommandLine,Field,
CommandLine:New-ADIDNSNode,CommandLine,Field,
CommandLine:New-DNSRecordArray,CommandLine,Field,
CommandLine:New-HoneyHash,CommandLine,Field,
CommandLine:New-InMemoryModule,CommandLine,Field,
CommandLine:New-MachineAccount,CommandLine,Field,
CommandLine:New-SOASerialNumberArray,CommandLine,Field,
CommandLine:Out-Minidump,CommandLine,Field,
CommandLine:Port-Scan,CommandLine,Field,
CommandLine:PowerBreach,CommandLine,Field,
CommandLine:powercat ,CommandLine,Field,
CommandLine:PowerUp,CommandLine,Field,
CommandLine:PowerView,CommandLine,Field,
CommandLine:Remove-ADIDNSNode,CommandLine,Field,
CommandLine:Remove-MachineAccount,CommandLine,Field,
CommandLine:Remove-Update,CommandLine,Field,
CommandLine:Rename-ADIDNSNode,CommandLine,Field,
CommandLine:Revoke-ADIDNSPermission,CommandLine,Field,
CommandLine:Set-ADIDNSNode,CommandLine,Field,
CommandLine:Set-MacAttribute,CommandLine,Field,
CommandLine:Set-MachineAccountAttribute,CommandLine,Field,
CommandLine:Set-Wallpaper,CommandLine,Field,
CommandLine:Show-TargetScreen,CommandLine,Field,
CommandLine:Start-CaptureServer,CommandLine,Field,
CommandLine:Start-Dnscat2,CommandLine,Field,
CommandLine:Start-WebcamRecorder,CommandLine,Field,
CommandLine:Veeam-Get-Creds,CommandLine,Field,
CommandLine:VolumeShadowCopyTools,CommandLine,Field,
CommandLine:connectionStrings,CommandLine,Field,
CommandLine: -pdf,CommandLine,Field,
IntegrityLevel:High,IntegrityLevel,Field,
IntegrityLevel:System,IntegrityLevel,Field,
IntegrityLevel:S-1-16-16384,IntegrityLevel,Field,
IntegrityLevel:S-1-16-12288,IntegrityLevel,Field,
ParentImage:\\ieinstal.exe,ParentImage,Field,
Image:\\AppData\\Local\\Temp\\,Image,Field,
Image:consent.exe,Image,Field,
CommandLine:\\Microsoft\\Windows\\CurrentVersion\\Internet Settings\\ZoneMap\\ProtocolDefaults,CommandLine,Field,
CommandLine:http,CommandLine,Field,
CommandLine: 0,CommandLine,Field,
User:AUTHORI,User,Field,
User:AUTORI,User,Field,
User:TrustedInstaller,User,Field,
Image:\\OpenWith.exe,Image,Field,
CommandLine:/c,CommandLine,Field,
ParentImage:\\excel.exe,ParentImage,Field,
Image:\\ntvdm.exe,Image,Field,
Image:\\csrstub.exe,Image,Field,
Image:None,Image,Field,
Image:-,Image,Field,
Image:,Image,Field,
ParentImage:\\powershell.exe,ParentImage,Field,
ParentImage:\\pwsh.exe,ParentImage,Field,
Image:\\powershell.exe,Image,Field,
CommandLine: -nologo -windowstyle minimized -file ,CommandLine,Field,
CommandLine:\\AppData\\Local\\Temp\\,CommandLine,Field,
CommandLine:\\Windows\\Temp\\,CommandLine,Field,
CommandLine:.dmp,CommandLine,Field,
CommandLine:.dump,CommandLine,Field,
CommandLine:.hdmp,CommandLine,Field,
CommandLine:comsvcs,CommandLine,Field,
CommandLine:full,CommandLine,Field,
CommandLine:#-,CommandLine,Field,
CommandLine:#+,CommandLine,Field,
CommandLine:#24,CommandLine,Field,
CommandLine:24 ,CommandLine,Field,
CommandLine:MiniDump,CommandLine,Field,
CommandLine:#65560,CommandLine,Field,
CommandLine:24,CommandLine,Field,
CommandLine:comsvcs,CommandLine,Field,
CommandLine:full,CommandLine,Field,
CommandLine: #,CommandLine,Field,
"CommandLine:,#",CommandLine,Field,
"CommandLine:, #",CommandLine,Field,
"CommandLine:""#",CommandLine,Field,
CommandLine:\\User Data\\,CommandLine,Field,
CommandLine:\\Opera Software\\,CommandLine,Field,
CommandLine:\\ChromiumViewer\\,CommandLine,Field,
CommandLine:Login Data,CommandLine,Field,
CommandLine:Cookies,CommandLine,Field,
CommandLine:Web Data,CommandLine,Field,
CommandLine:History,CommandLine,Field,
CommandLine:Bookmarks,CommandLine,Field,
CommandLine:nslookup,CommandLine,Field,
CommandLine:_ldap._tcp.dc._msdcs.,CommandLine,Field,
CommandLine: /dest:rdp-tcp#,CommandLine,Field,
CommandLine:-i,CommandLine,Field,
CommandLine:-package,CommandLine,Field,
CommandLine:-a,CommandLine,Field,
CommandLine:-j,CommandLine,Field,
CommandLine:-q,CommandLine,Field,
ParentImage:C:\\Users\\,ParentImage,Field,
ParentImage:\\AppData\\Local\\Temp\\,ParentImage,Field,
ParentImage:C:\\Windows\\Temp\\,ParentImage,Field,
ParentImage:C:\\Windows\\CCM\\Ccm32BitLauncher.exe,ParentImage,Field,
IntegrityLevel:System,IntegrityLevel,Field,
IntegrityLevel:S-1-16-16384,IntegrityLevel,Field,
CommandLine: security,CommandLine,Field,
CommandLine: application,CommandLine,Field,
CommandLine: system,CommandLine,Field,
CommandLine: -d,CommandLine,Field,
CommandLine: -x,CommandLine,Field,
CommandLine: -s,CommandLine,Field,
CommandLine: -c,CommandLine,Field,
CommandLine: -g,CommandLine,Field,
CommandLine: /n 1 ,CommandLine,Field,
CommandLine: -n 1 ,CommandLine,Field,
CommandLine: service ,CommandLine,Field,
CommandLine: call ,CommandLine,Field,
CommandLine:stopservice,CommandLine,Field,
CommandLine:startservice,CommandLine,Field,
ParentCommandLine:conhost,ParentCommandLine,Field,
CommandLine:/../../,CommandLine,Field,
Image:\\wab.exe,Image,Field,
Image:\\wabmig.exe,Image,Field,
Image:C:\\Windows\\WinSxS\\,Image,Field,
Image:C:\\Program Files\\Windows Mail\\,Image,Field,
Image:C:\\Program Files (x86)\\Windows Mail\\,Image,Field,
OriginalFileName:gpg.exe,OriginalFileName,Field,
Image:\\gpg.exe,Image,Field,
Image:\\gpg2.exe,Image,Field,
ParentImage:\\wsl.exe,ParentImage,Field,
ParentImage:\\wslhost.exe,ParentImage,Field,
Image:\\calc.exe,Image,Field,
Image:\\cmd.exe,Image,Field,
Image:\\cscript.exe,Image,Field,
Image:\\mshta.exe,Image,Field,
Image:\\powershell.exe,Image,Field,
Image:\\pwsh.exe,Image,Field,
Image:\\regsvr32.exe,Image,Field,
Image:\\rundll32.exe,Image,Field,
Image:\\wscript.exe,Image,Field,
Image:\\AppData\\Local\\Temp\\,Image,Field,
Image:C:\\Users\\Public\\,Image,Field,
Image:C:\\Windows\\Temp\\,Image,Field,
Image:C:\\Temp\\,Image,Field,
Image:\\Downloads\\,Image,Field,
Image:\\Desktop\\,Image,Field,
Image:\\powershell.exe,Image,Field,
CommandLine:http://127.0.0.1,CommandLine,Field,
CommandLine:%{(IRM $_)},CommandLine,Field,
CommandLine:Invoke,CommandLine,Field,
CommandLine: -d ,CommandLine,Field,
CommandLine:passphrase,CommandLine,Field,
CommandLine: run run-cmd ,CommandLine,Field,
ParentImage:\\cleanapi.exe,ParentImage,Field,
ParentImage:\\kavremover.exe,ParentImage,Field,
Image:\\GfxDownloadWrapper.exe,Image,Field,
CommandLine:http://,CommandLine,Field,
CommandLine:https://,CommandLine,Field,
CommandLine:https://gameplayapi.intel.com/,CommandLine,Field,
CommandLine: -u ,CommandLine,Field,
CommandLine: --full ,CommandLine,Field,
CommandLine: -f ,CommandLine,Field,
CommandLine: --name ,CommandLine,Field,
CommandLine:.dmp ,CommandLine,Field,
CurrentDirectory:C:\\Program Files\\Windows Defender\\Offline\\,CurrentDirectory,Field,
CurrentDirectory:,CurrentDirectory,Field,
CurrentDirectory:None,CurrentDirectory,Field,
CommandLine:Invoke-ATHRemoteFXvGPUDisablementCommand,CommandLine,Field,
CommandLine:Invoke-ATHRemoteFXvGPUDisableme,CommandLine,Field,
CommandLine:process ,CommandLine,Field,
CommandLine:call ,CommandLine,Field,
CommandLine:create ,CommandLine,Field,
CommandLine:rundll32,CommandLine,Field,
CommandLine:bitsadmin,CommandLine,Field,
CommandLine:regsvr32,CommandLine,Field,
CommandLine:cmd.exe /c ,CommandLine,Field,
CommandLine:cmd.exe /k ,CommandLine,Field,
CommandLine:cmd.exe /r ,CommandLine,Field,
CommandLine:cmd /c ,CommandLine,Field,
CommandLine:cmd /k ,CommandLine,Field,
CommandLine:cmd /r ,CommandLine,Field,
CommandLine:powershell,CommandLine,Field,
CommandLine:pwsh,CommandLine,Field,
CommandLine:certutil,CommandLine,Field,
CommandLine:cscript,CommandLine,Field,
CommandLine:wscript,CommandLine,Field,
CommandLine:mshta,CommandLine,Field,
CommandLine:\\Users\\Public\\,CommandLine,Field,
CommandLine:\\Windows\\Temp\\,CommandLine,Field,
CommandLine:\\AppData\\Local\\,CommandLine,Field,
CommandLine:%temp%,CommandLine,Field,
CommandLine:%tmp%,CommandLine,Field,
CommandLine:%ProgramData%,CommandLine,Field,
CommandLine:%appdata%,CommandLine,Field,
CommandLine:%comspec%,CommandLine,Field,
CommandLine:%localappdata%,CommandLine,Field,
CommandLine:-i,CommandLine,Field,
CommandLine:/install,CommandLine,Field,
CommandLine:-a,CommandLine,Field,
CommandLine:/add-driver,CommandLine,Field,
CommandLine:.inf,CommandLine,Field,
Image:\\pnputil.exe,Image,Field,
CommandLine::\\$Recycle.bin\\,CommandLine,Field,
CommandLine::\\RECYCLER.BIN\\,CommandLine,Field,
CommandLine::\\RECYCLERS.BIN\\,CommandLine,Field,
CommandLine::\\SystemVolumeInformation\\,CommandLine,Field,
CommandLine::\\Temp\\,CommandLine,Field,
CommandLine::\\Users\\Default\\,CommandLine,Field,
CommandLine::\\Users\\Desktop\\,CommandLine,Field,
CommandLine::\\Users\\Public\\,CommandLine,Field,
CommandLine::\\Windows\\addins\\,CommandLine,Field,
CommandLine::\\Windows\\cursors\\,CommandLine,Field,
CommandLine::\\Windows\\debug\\,CommandLine,Field,
CommandLine::\\Windows\\drivers\\,CommandLine,Field,
CommandLine::\\Windows\\fonts\\,CommandLine,Field,
CommandLine::\\Windows\\help\\,CommandLine,Field,
CommandLine::\\Windows\\system32\\tasks\\,CommandLine,Field,
CommandLine::\\Windows\\Tasks\\,CommandLine,Field,
CommandLine::\\Windows\\Temp\\,CommandLine,Field,
CommandLine:\\Downloads\\,CommandLine,Field,
CommandLine:\\Local Settings\\Temporary Internet Files\\,CommandLine,Field,
CommandLine:\\Temporary Internet Files\\Content.Outlook\\,CommandLine,Field,
CommandLine:%Public%\\,CommandLine,Field,
CommandLine:%TEMP%,CommandLine,Field,
CommandLine:%TMP%,CommandLine,Field,
Image:\\squirrel.exe,Image,Field,
Image:\\update.exe,Image,Field,
CommandLine:--processStart,CommandLine,Field,
CommandLine:--processStartAndWait,CommandLine,Field,
CommandLine:--createShortcut,CommandLine,Field,
CommandLine::\\Users\\,CommandLine,Field,
CommandLine:\\AppData\\Local\\Discord\\Update.exe,CommandLine,Field,
CommandLine: --processStart,CommandLine,Field,
CommandLine:Discord.exe,CommandLine,Field,
CommandLine::\\Users\\,CommandLine,Field,
CommandLine:\\AppData\\Local\\GitHubDesktop\\Update.exe,CommandLine,Field,
CommandLine:GitHubDesktop.exe,CommandLine,Field,
CommandLine:--createShortcut,CommandLine,Field,
CommandLine:--processStartAndWait,CommandLine,Field,
CommandLine::\\Users\\,CommandLine,Field,
CommandLine:\\AppData\\Local\\Microsoft\\Teams\\Update.exe,CommandLine,Field,
CommandLine:Teams.exe,CommandLine,Field,
CommandLine:--processStart,CommandLine,Field,
CommandLine:--createShortcut,CommandLine,Field,
CommandLine::\\Users\\,CommandLine,Field,
CommandLine:\\AppData\\Local\\yammerdesktop\\Update.exe,CommandLine,Field,
CommandLine:Yammer.exe,CommandLine,Field,
CommandLine:--processStart,CommandLine,Field,
CommandLine:--createShortcut,CommandLine,Field,
Image:\\pcwrun.exe,Image,Field,
CommandLine:../,CommandLine,Field,
CommandLine:manage-bde.wsf,CommandLine,Field,
ParentImage:\\cscript.exe,ParentImage,Field,
ParentImage:\\wscript.exe,ParentImage,Field,
ParentCommandLine:manage-bde.wsf,ParentCommandLine,Field,
Image:\\cmd.exe,Image,Field,
CommandLine:taskkill ,CommandLine,Field,
CommandLine:RaccineSettings.exe,CommandLine,Field,
CommandLine:reg.exe,CommandLine,Field,
CommandLine:delete,CommandLine,Field,
CommandLine:Raccine Tray,CommandLine,Field,
CommandLine:schtasks,CommandLine,Field,
CommandLine:/DELETE,CommandLine,Field,
CommandLine:Raccine Rules Updater,CommandLine,Field,
Image:\\cmd.exe,Image,Field,
Image:\\cscript.exe,Image,Field,
Image:\\powershell.exe,Image,Field,
Image:\\powershell_ise.exe,Image,Field,
Image:\\pwsh.exe,Image,Field,
Image:\\wscript.exe,Image,Field,
OriginalFileName:Cmd.EXE,OriginalFileName,Field,
OriginalFileName:cscript.exe,OriginalFileName,Field,
OriginalFileName:PowerShell.EXE,OriginalFileName,Field,
OriginalFileName:PowerShell_ISE.EXE,OriginalFileName,Field,
OriginalFileName:pwsh.dll,OriginalFileName,Field,
OriginalFileName:wscript.exe,OriginalFileName,Field,
CommandLine:Ë£,CommandLine,Field,
CommandLine:Ëª,CommandLine,Field,
CommandLine:Ë¢,CommandLine,Field,
CommandLine:âˆ•,CommandLine,Field,
CommandLine:â„,CommandLine,Field,
CommandLine:â€•,CommandLine,Field,
CommandLine:â€”,CommandLine,Field,
CommandLine:Â ,CommandLine,Field,
CommandLine:Â¯,CommandLine,Field,
CommandLine:Â®,CommandLine,Field,
CommandLine:Â¶,CommandLine,Field,
CommandLine:â €,CommandLine,Field,
"CommandLine:(?i)(set).*&&\\s?set.*(environment|invoke|\\$\\{?input).*&&.*""",CommandLine,Field,
ParentImage:\\winlogon.exe,ParentImage,Field,
ParentImage:\\services.exe,ParentImage,Field,
ParentImage:\\lsass.exe,ParentImage,Field,
ParentImage:\\csrss.exe,ParentImage,Field,
ParentImage:\\smss.exe,ParentImage,Field,
ParentImage:\\wininit.exe,ParentImage,Field,
ParentImage:\\spoolsv.exe,ParentImage,Field,
ParentImage:\\searchindexer.exe,ParentImage,Field,
User:AUTHORI,User,Field,
User:AUTORI,User,Field,
CommandLine: route ,CommandLine,Field,
CommandLine: ADD ,CommandLine,Field,
CommandLine:/export,CommandLine,Field,
CommandLine:/cfg,CommandLine,Field,
CommandLine:/configure,CommandLine,Field,
CommandLine:/db,CommandLine,Field,
ParentImage:\\Winrar.exe,ParentImage,Field,
ParentImage:\\7zFM.exe,ParentImage,Field,
ParentImage:\\peazip.exe,ParentImage,Field,
Image:\\isoburn.exe,Image,Field,
Image:\\PowerISO.exe,Image,Field,
Image:\\ImgBurn.exe,Image,Field,
Image:\\pypykatz.exe,Image,Field,
Image:\\python.exe,Image,Field,
CommandLine:live,CommandLine,Field,
CommandLine:registry,CommandLine,Field,
Image:\\msxsl.exe,Image,Field,
CommandLine:Import-Module ,CommandLine,Field,
CommandLine:ipmo ,CommandLine,Field,
CommandLine:Microsoft.ActiveDirectory.Management.dll,CommandLine,Field,
Image:\\powershell.exe,Image,Field,
CommandLine: -version 2 ,CommandLine,Field,
CommandLine: -versio 2 ,CommandLine,Field,
CommandLine: -versi 2 ,CommandLine,Field,
CommandLine: -vers 2 ,CommandLine,Field,
CommandLine: -ver 2 ,CommandLine,Field,
CommandLine: -ve 2 ,CommandLine,Field,
CommandLine: -v 2 ,CommandLine,Field,
CommandLine:advpack,CommandLine,Field,
CommandLine:rundll32.exe,CommandLine,Field,
"CommandLine:.sys,",CommandLine,Field,
CommandLine:.sys ,CommandLine,Field,
CommandLine:bash.exe -,CommandLine,Field,
CommandLine:bash -,CommandLine,Field,
CommandLine:None,CommandLine,Field,
CommandLine:,CommandLine,Field,
CommandLine:bash.exe,CommandLine,Field,
CommandLine:bash,CommandLine,Field,
CommandLine: recovery,CommandLine,Field,
CommandLine:recoveryTarget,CommandLine,Field,
CommandLine:itemtype:File,CommandLine,Field,
CommandLine:\\config\\SAM,CommandLine,Field,
CommandLine:\\config\\SECURITY,CommandLine,Field,
CommandLine:\\config\\SYSTEM,CommandLine,Field,
CommandLine:\\Windows\\NTDS\\NTDS.dit,CommandLine,Field,
CommandLine:set,CommandLine,Field,
CommandLine:config,CommandLine,Field,
CommandLine:section:httplogging,CommandLine,Field,
CommandLine:dontLog:true,CommandLine,Field,
CommandLine: -z ,CommandLine,Field,
CommandLine:.dll,CommandLine,Field,
CommandLine:start,CommandLine,Field,
CommandLine:backup,CommandLine,Field,
CommandLine:\\config\\SAM,CommandLine,Field,
CommandLine:\\config\\SECURITY,CommandLine,Field,
CommandLine:\\config\\SYSTEM,CommandLine,Field,
CommandLine:\\Windows\\NTDS\\NTDS.dit,CommandLine,Field,
CommandLine:\\Microsoft\\Office\\,CommandLine,Field,
CommandLine:\\Excel\\Security,CommandLine,Field,
CommandLine:PythonFunctionWarnings,CommandLine,Field,
CommandLine: 0,CommandLine,Field,
CommandLine:-sta ,CommandLine,Field,
CommandLine:-localserver ,CommandLine,Field,
CommandLine:{,CommandLine,Field,
CommandLine:},CommandLine,Field,
Image:\\wusa.exe,Image,Field,
ParentImage::\\Perflogs\\,ParentImage,Field,
ParentImage::\\Users\\Public\\,ParentImage,Field,
ParentImage::\\Windows\\Temp\\,ParentImage,Field,
ParentImage:\\Appdata\\Local\\Temp\\,ParentImage,Field,
ParentImage:\\Temporary Internet,ParentImage,Field,
CommandLine:.msu,CommandLine,Field,
CommandLine:ipconfig*|*find,CommandLine,Field,
CommandLine:net*|*find,CommandLine,Field,
CommandLine:netstat*|*find,CommandLine,Field,
CommandLine:ping*|*find,CommandLine,Field,
CommandLine:systeminfo*|*find,CommandLine,Field,
CommandLine:tasklist*|*find,CommandLine,Field,
CommandLine:whoami*|*find,CommandLine,Field,
CommandLine:-u ,CommandLine,Field,
CommandLine:-p ,CommandLine,Field,
CommandLine:^USER^,CommandLine,Field,
CommandLine:^PASS^,CommandLine,Field,
CommandLine:(?i)echo.*clip.*&&.*(Clipboard|i`?n`?v`?o`?k`?e`?),CommandLine,Field,
CommandLine:rundll32.exe,CommandLine,Field,
CommandLine:rundll32,CommandLine,Field,
CommandLine:.exe whoami,CommandLine,Field,
Image:\\explorer.exe,Image,Field,
CommandLine:/NOUACCHECK,CommandLine,Field,
CommandLine: group ,CommandLine,Field,
CommandLine: localgroup ,CommandLine,Field,
CommandLine:domain admins,CommandLine,Field,
CommandLine: administrator,CommandLine,Field,
CommandLine: administrateur,CommandLine,Field,
CommandLine:enterprise admins,CommandLine,Field,
CommandLine:Exchange Trusted Subsystem,CommandLine,Field,
CommandLine:Remote Desktop Users,CommandLine,Field,
CommandLine:Utilisateurs du Bureau Ã  distance,CommandLine,Field,
CommandLine:Usuarios de escritorio remoto,CommandLine,Field,
CommandLine: /do,CommandLine,Field,
CommandLine: accounts ,CommandLine,Field,
CommandLine: /do,CommandLine,Field,
CommandLine: /add,CommandLine,Field,
ParentImage:C:\\Windows\\SysWOW64\\setup16.exe,ParentImage,Field,
ParentCommandLine: -m ,ParentCommandLine,Field,
Image:C:\\~MSSETUP.T\\,Image,Field,
CommandLine:[char]0x,CommandLine,Field,
CommandLine:(WCHAR)0x,CommandLine,Field,
ParentImage:\\cmstp.exe,ParentImage,Field,
ParentImage:\\WinRAR.exe,ParentImage,Field,
CommandLine:tunnel ,CommandLine,Field,
CommandLine:service,CommandLine,Field,
CommandLine:internal-run,CommandLine,Field,
CommandLine:tunnel-service.log,CommandLine,Field,
CommandLine:noconsentprompt,CommandLine,Field,
CommandLine:shadow:,CommandLine,Field,
CommandLine:esentutl,CommandLine,Field,
CommandLine: /p,CommandLine,Field,
CommandLine: runassystem ,CommandLine,Field,
CommandLine:\\Tasktop\\keycloak\\bin\\/../../jre\\bin\\java,CommandLine,Field,
CommandLine:cookies.sqlite,CommandLine,Field,
CommandLine:places.sqlite,CommandLine,Field,
CommandLine:Import-Certificate,CommandLine,Field,
CommandLine: -FilePath ,CommandLine,Field,
CommandLine:Cert:\\LocalMachine\\Root,CommandLine,Field,
CommandLine:\\AppData\\Local\\Temp\\,CommandLine,Field,
CommandLine::\\Windows\\TEMP\\,CommandLine,Field,
CommandLine:\\Desktop\\,CommandLine,Field,
CommandLine:\\Downloads\\,CommandLine,Field,
CommandLine:\\Perflogs\\,CommandLine,Field,
CommandLine::\\Users\\Public\\,CommandLine,Field,
CommandLine:ğŸ”¸,CommandLine,Field,
CommandLine:ğŸ”¹,CommandLine,Field,
CommandLine:ğŸ”¶,CommandLine,Field,
CommandLine:ğŸ”·,CommandLine,Field,
CommandLine:ğŸ”³,CommandLine,Field,
CommandLine:ğŸ”²,CommandLine,Field,
CommandLine:â–ªï¸,CommandLine,Field,
CommandLine:â–«ï¸,CommandLine,Field,
CommandLine:â—¾ï¸,CommandLine,Field,
CommandLine:â—½ï¸,CommandLine,Field,
CommandLine:â—¼ï¸,CommandLine,Field,
CommandLine:â—»ï¸,CommandLine,Field,
CommandLine:ğŸŸ¥,CommandLine,Field,
CommandLine:ğŸŸ§,CommandLine,Field,
CommandLine:ğŸŸ¨,CommandLine,Field,
CommandLine:ğŸŸ©,CommandLine,Field,
CommandLine:ğŸŸ¦,CommandLine,Field,
CommandLine:ğŸŸª,CommandLine,Field,
CommandLine:â¬›ï¸,CommandLine,Field,
CommandLine:â¬œï¸,CommandLine,Field,
CommandLine:ğŸŸ«,CommandLine,Field,
CommandLine:ğŸ”ˆ,CommandLine,Field,
CommandLine:ğŸ”‡,CommandLine,Field,
CommandLine:ğŸ”‰,CommandLine,Field,
CommandLine:ğŸ”Š,CommandLine,Field,
CommandLine:ğŸ””,CommandLine,Field,
CommandLine:ğŸ”•,CommandLine,Field,
CommandLine:ğŸ“£,CommandLine,Field,
CommandLine:ğŸ“¢,CommandLine,Field,
CommandLine:ğŸ‘â€ğŸ—¨,CommandLine,Field,
CommandLine:ğŸ’¬,CommandLine,Field,
CommandLine:ğŸ’­,CommandLine,Field,
CommandLine:ğŸ—¯,CommandLine,Field,
CommandLine:â™ ï¸,CommandLine,Field,
CommandLine:â™£ï¸,CommandLine,Field,
CommandLine:â™¥ï¸,CommandLine,Field,
CommandLine:â™¦ï¸,CommandLine,Field,
CommandLine:ğŸƒ,CommandLine,Field,
CommandLine:ğŸ´,CommandLine,Field,
CommandLine:ğŸ€„ï¸,CommandLine,Field,
CommandLine:ğŸ•,CommandLine,Field,
CommandLine:ğŸ•‘,CommandLine,Field,
CommandLine:ğŸ•’,CommandLine,Field,
CommandLine:ğŸ•“,CommandLine,Field,
CommandLine:ğŸ•”,CommandLine,Field,
CommandLine:ğŸ••,CommandLine,Field,
CommandLine:ğŸ•–,CommandLine,Field,
CommandLine:ğŸ•—,CommandLine,Field,
CommandLine:ğŸ•˜,CommandLine,Field,
CommandLine:ğŸ•™,CommandLine,Field,
CommandLine:ğŸ•š,CommandLine,Field,
CommandLine:ğŸ•›,CommandLine,Field,
CommandLine:ğŸ•œ,CommandLine,Field,
CommandLine:ğŸ•,CommandLine,Field,
CommandLine:ğŸ•,CommandLine,Field,
CommandLine:ğŸ•Ÿ,CommandLine,Field,
CommandLine:ğŸ• ,CommandLine,Field,
CommandLine:ğŸ•¡,CommandLine,Field,
CommandLine:ğŸ•¢,CommandLine,Field,
CommandLine:ğŸ•£,CommandLine,Field,
CommandLine:ğŸ•¤,CommandLine,Field,
CommandLine:ğŸ•¥,CommandLine,Field,
CommandLine:ğŸ•¦,CommandLine,Field,
CommandLine:ğŸ•§âœ¢,CommandLine,Field,
CommandLine:âœ£,CommandLine,Field,
CommandLine:âœ¤,CommandLine,Field,
CommandLine:âœ¥,CommandLine,Field,
CommandLine:âœ¦,CommandLine,Field,
CommandLine:âœ§,CommandLine,Field,
CommandLine:â˜…,CommandLine,Field,
CommandLine:â˜†,CommandLine,Field,
CommandLine:âœ¯,CommandLine,Field,
CommandLine:âœ¡ï¸,CommandLine,Field,
CommandLine:âœ©,CommandLine,Field,
CommandLine:âœª,CommandLine,Field,
CommandLine:âœ«,CommandLine,Field,
CommandLine:âœ¬,CommandLine,Field,
CommandLine:âœ­,CommandLine,Field,
CommandLine:âœ®,CommandLine,Field,
CommandLine:âœ¶,CommandLine,Field,
CommandLine:âœ·,CommandLine,Field,
CommandLine:âœµ,CommandLine,Field,
CommandLine:âœ¸,CommandLine,Field,
CommandLine:âœ¹,CommandLine,Field,
CommandLine:â†’,CommandLine,Field,
CommandLine:â‡’,CommandLine,Field,
CommandLine:âŸ¹,CommandLine,Field,
CommandLine:â‡¨,CommandLine,Field,
CommandLine:â‡¾,CommandLine,Field,
CommandLine:â¾,CommandLine,Field,
CommandLine:â‡¢,CommandLine,Field,
CommandLine:â˜›,CommandLine,Field,
CommandLine:â˜,CommandLine,Field,
CommandLine:â”,CommandLine,Field,
CommandLine:âœ,CommandLine,Field,
CommandLine:â™,CommandLine,Field,
CommandLine:â›,CommandLine,Field,
CommandLine:â,CommandLine,Field,
CommandLine:â,CommandLine,Field,
CommandLine:â™ ï¸,CommandLine,Field,
CommandLine:â™£ï¸,CommandLine,Field,
CommandLine:â™¥ï¸,CommandLine,Field,
CommandLine:â™¦ï¸,CommandLine,Field,
CommandLine:â™¤,CommandLine,Field,
CommandLine:â™§,CommandLine,Field,
CommandLine:â™¡,CommandLine,Field,
CommandLine:â™¢,CommandLine,Field,
CommandLine:â™š,CommandLine,Field,
CommandLine:â™›,CommandLine,Field,
CommandLine:â™œ,CommandLine,Field,
CommandLine:â™,CommandLine,Field,
CommandLine:â™,CommandLine,Field,
CommandLine:â™Ÿ,CommandLine,Field,
CommandLine:â™”,CommandLine,Field,
CommandLine:â™•,CommandLine,Field,
CommandLine:â™–,CommandLine,Field,
CommandLine:â™—,CommandLine,Field,
CommandLine:â™˜,CommandLine,Field,
CommandLine:â™™,CommandLine,Field,
CommandLine:âš€,CommandLine,Field,
CommandLine:âš,CommandLine,Field,
CommandLine:âš‚,CommandLine,Field,
CommandLine:âšƒ,CommandLine,Field,
CommandLine:âš„,CommandLine,Field,
CommandLine:âš…,CommandLine,Field,
CommandLine:ğŸ‚ ,CommandLine,Field,
CommandLine:âšˆ,CommandLine,Field,
CommandLine:âš‰,CommandLine,Field,
CommandLine:âš†,CommandLine,Field,
CommandLine:âš‡,CommandLine,Field,
CommandLine:ğ“€€,CommandLine,Field,
CommandLine:ğ“€,CommandLine,Field,
CommandLine:ğ“€‚,CommandLine,Field,
CommandLine:ğ“€ƒ,CommandLine,Field,
CommandLine:ğ“€„,CommandLine,Field,
CommandLine:ğ“€…,CommandLine,Field,
CommandLine:ğ“€†,CommandLine,Field,
CommandLine:ğ“€‡,CommandLine,Field,
CommandLine:ğ“€ˆ,CommandLine,Field,
CommandLine:ğ“€‰,CommandLine,Field,
CommandLine:ğ“€Š,CommandLine,Field,
CommandLine:ğ“€‹,CommandLine,Field,
CommandLine:ğ“€Œ,CommandLine,Field,
CommandLine:ğ“€,CommandLine,Field,
CommandLine:ğ“€,CommandLine,Field,
CommandLine:ğ“€,CommandLine,Field,
CommandLine:ğ“€,CommandLine,Field,
CommandLine:ğ“€‘,CommandLine,Field,
CommandLine:ğ“€’,CommandLine,Field,
CommandLine:ğ“€“,CommandLine,Field,
CommandLine:ğ“€”,CommandLine,Field,
CommandLine:ğ“€•,CommandLine,Field,
CommandLine:ğ“€–,CommandLine,Field,
CommandLine:ğ“€—,CommandLine,Field,
CommandLine:ğ“€˜,CommandLine,Field,
CommandLine:ğ“€™,CommandLine,Field,
CommandLine:ğ“€š,CommandLine,Field,
CommandLine:ğ“€›,CommandLine,Field,
CommandLine:ğ“€œ,CommandLine,Field,
CommandLine:ğ“€ğŸ³ï¸,CommandLine,Field,
CommandLine:ğŸ´,CommandLine,Field,
CommandLine:ğŸ,CommandLine,Field,
CommandLine:ğŸš©,CommandLine,Field,
CommandLine:ğŸ³ï¸â€ğŸŒˆ,CommandLine,Field,
CommandLine:ğŸ³ï¸â€âš§ï¸,CommandLine,Field,
CommandLine:ğŸ´â€â˜ ï¸,CommandLine,Field,
CommandLine:ğŸ‡¦ğŸ‡«,CommandLine,Field,
CommandLine:ğŸ‡¦ğŸ‡½,CommandLine,Field,
CommandLine:ğŸ‡¦ğŸ‡±,CommandLine,Field,
CommandLine:ğŸ‡©ğŸ‡¿,CommandLine,Field,
CommandLine:ğŸ‡¦ğŸ‡¸,CommandLine,Field,
CommandLine:ğŸ‡¦ğŸ‡©,CommandLine,Field,
CommandLine:ğŸ‡¦ğŸ‡´,CommandLine,Field,
CommandLine:ğŸ‡¦ğŸ‡®,CommandLine,Field,
CommandLine:ğŸ‡¦ğŸ‡¶,CommandLine,Field,
CommandLine:ğŸ‡¦ğŸ‡¬,CommandLine,Field,
CommandLine:ğŸ‡¦ğŸ‡·,CommandLine,Field,
CommandLine:ğŸ‡¦ğŸ‡²,CommandLine,Field,
CommandLine:ğŸ‡¦ğŸ‡¼,CommandLine,Field,
CommandLine:ğŸ‡¦ğŸ‡º,CommandLine,Field,
CommandLine:ğŸ‡¦ğŸ‡¹,CommandLine,Field,
CommandLine:ğŸ‡¦ğŸ‡¿,CommandLine,Field,
CommandLine:ğŸ‡§ğŸ‡¸,CommandLine,Field,
CommandLine:ğŸ‡§ğŸ‡­,CommandLine,Field,
CommandLine:ğŸ‡§ğŸ‡©,CommandLine,Field,
CommandLine:ğŸ‡§ğŸ‡§,CommandLine,Field,
CommandLine:ğŸ‡§ğŸ‡¾,CommandLine,Field,
CommandLine:ğŸ‡§ğŸ‡ª,CommandLine,Field,
CommandLine:ğŸ‡§ğŸ‡¿,CommandLine,Field,
CommandLine:ğŸ‡§ğŸ‡¯,CommandLine,Field,
CommandLine:ğŸ‡§ğŸ‡²,CommandLine,Field,
CommandLine:ğŸ‡§ğŸ‡¹,CommandLine,Field,
CommandLine:ğŸ‡§ğŸ‡´,CommandLine,Field,
CommandLine:ğŸ‡§ğŸ‡¦,CommandLine,Field,
CommandLine:ğŸ‡§ğŸ‡¼,CommandLine,Field,
CommandLine:ğŸ‡§ğŸ‡·,CommandLine,Field,
CommandLine:ğŸ‡®ğŸ‡´,CommandLine,Field,
CommandLine:ğŸ‡»ğŸ‡¬,CommandLine,Field,
CommandLine:ğŸ‡§ğŸ‡³,CommandLine,Field,
CommandLine:ğŸ‡§ğŸ‡¬,CommandLine,Field,
CommandLine:ğŸ‡§ğŸ‡«,CommandLine,Field,
CommandLine:ğŸ‡§ğŸ‡®,CommandLine,Field,
CommandLine:ğŸ‡°ğŸ‡­,CommandLine,Field,
CommandLine:ğŸ‡¨ğŸ‡²,CommandLine,Field,
CommandLine:ğŸ‡¨ğŸ‡¦,CommandLine,Field,
CommandLine:ğŸ‡®ğŸ‡¨,CommandLine,Field,
CommandLine:ğŸ‡¨ğŸ‡»,CommandLine,Field,
CommandLine:ğŸ‡§ğŸ‡¶,CommandLine,Field,
CommandLine:ğŸ‡°ğŸ‡¾,CommandLine,Field,
CommandLine:ğŸ‡¨ğŸ‡«,CommandLine,Field,
CommandLine:ğŸ‡¹ğŸ‡©,CommandLine,Field,
CommandLine:ğŸ‡¨ğŸ‡±,CommandLine,Field,
CommandLine:ğŸ‡¨ğŸ‡³,CommandLine,Field,
CommandLine:ğŸ‡¨ğŸ‡½,CommandLine,Field,
CommandLine:ğŸ‡¨ğŸ‡¨,CommandLine,Field,
CommandLine:ğŸ‡¨ğŸ‡´,CommandLine,Field,
CommandLine:ğŸ‡°ğŸ‡²,CommandLine,Field,
CommandLine:ğŸ‡¨ğŸ‡¬,CommandLine,Field,
CommandLine:ğŸ‡¨ğŸ‡©,CommandLine,Field,
CommandLine:ğŸ‡¨ğŸ‡°,CommandLine,Field,
CommandLine:ğŸ‡¨ğŸ‡·,CommandLine,Field,
CommandLine:ğŸ‡¨ğŸ‡®,CommandLine,Field,
CommandLine:ğŸ‡­ğŸ‡·,CommandLine,Field,
CommandLine:ğŸ‡¨ğŸ‡º,CommandLine,Field,
CommandLine:ğŸ‡¨ğŸ‡¼,CommandLine,Field,
CommandLine:ğŸ‡¨ğŸ‡¾,CommandLine,Field,
CommandLine:ğŸ‡¨ğŸ‡¿,CommandLine,Field,
CommandLine:ğŸ‡©ğŸ‡°,CommandLine,Field,
CommandLine:ğŸ‡©ğŸ‡¯,CommandLine,Field,
CommandLine:ğŸ‡©ğŸ‡²,CommandLine,Field,
CommandLine:ğŸ‡©ğŸ‡´,CommandLine,Field,
CommandLine:ğŸ‡ªğŸ‡¨,CommandLine,Field,
CommandLine:ğŸ‡ªğŸ‡¬,CommandLine,Field,
CommandLine:ğŸ‡¸ğŸ‡»,CommandLine,Field,
CommandLine:ğŸ‡¬ğŸ‡¶,CommandLine,Field,
CommandLine:ğŸ‡ªğŸ‡·,CommandLine,Field,
CommandLine:ğŸ‡ªğŸ‡ª,CommandLine,Field,
CommandLine:ğŸ‡ªğŸ‡¹,CommandLine,Field,
CommandLine:ğŸ‡ªğŸ‡º,CommandLine,Field,
CommandLine:ğŸ‡«ğŸ‡°,CommandLine,Field,
CommandLine:ğŸ‡«ğŸ‡´,CommandLine,Field,
CommandLine:ğŸ‡«ğŸ‡¯,CommandLine,Field,
CommandLine:ğŸ‡«ğŸ‡®,CommandLine,Field,
CommandLine:ğŸ‡«ğŸ‡·,CommandLine,Field,
CommandLine:ğŸ‡¬ğŸ‡«,CommandLine,Field,
CommandLine:ğŸ‡µğŸ‡«,CommandLine,Field,
CommandLine:ğŸ‡¹ğŸ‡«,CommandLine,Field,
CommandLine:ğŸ‡¬ğŸ‡¦,CommandLine,Field,
CommandLine:ğŸ‡¬ğŸ‡²,CommandLine,Field,
CommandLine:ğŸ‡¬ğŸ‡ª,CommandLine,Field,
CommandLine:ğŸ‡©ğŸ‡ª,CommandLine,Field,
CommandLine:ğŸ‡¬ğŸ‡­,CommandLine,Field,
CommandLine:ğŸ‡¬ğŸ‡®,CommandLine,Field,
CommandLine:ğŸ‡¬ğŸ‡·,CommandLine,Field,
CommandLine:ğŸ‡¬ğŸ‡±,CommandLine,Field,
CommandLine:ğŸ‡¬ğŸ‡©,CommandLine,Field,
CommandLine:ğŸ‡¬ğŸ‡µ,CommandLine,Field,
CommandLine:ğŸ‡¬ğŸ‡º,CommandLine,Field,
CommandLine:ğŸ‡¬ğŸ‡¹,CommandLine,Field,
CommandLine:ğŸ‡¬ğŸ‡¬,CommandLine,Field,
CommandLine:ğŸ‡¬ğŸ‡³,CommandLine,Field,
CommandLine:ğŸ‡¬ğŸ‡¼,CommandLine,Field,
CommandLine:ğŸ‡¬ğŸ‡¾,CommandLine,Field,
CommandLine:ğŸ‡­ğŸ‡¹,CommandLine,Field,
CommandLine:ğŸ‡­ğŸ‡³,CommandLine,Field,
CommandLine:ğŸ‡­ğŸ‡°,CommandLine,Field,
CommandLine:ğŸ‡­ğŸ‡º,CommandLine,Field,
CommandLine:ğŸ‡®ğŸ‡¸,CommandLine,Field,
CommandLine:ğŸ‡®ğŸ‡³,CommandLine,Field,
CommandLine:ğŸ‡®ğŸ‡©,CommandLine,Field,
CommandLine:ğŸ‡®ğŸ‡·,CommandLine,Field,
CommandLine:ğŸ‡®ğŸ‡¶,CommandLine,Field,
CommandLine:ğŸ‡®ğŸ‡ª,CommandLine,Field,
CommandLine:ğŸ‡®ğŸ‡²,CommandLine,Field,
CommandLine:ğŸ‡®ğŸ‡±,CommandLine,Field,
CommandLine:ğŸ‡®ğŸ‡¹,CommandLine,Field,
CommandLine:ğŸ‡¯ğŸ‡²,CommandLine,Field,
CommandLine:ğŸ‡¯ğŸ‡µ,CommandLine,Field,
CommandLine:ğŸŒ,CommandLine,Field,
CommandLine:ğŸ‡¯ğŸ‡ª,CommandLine,Field,
CommandLine:ğŸ‡¯ğŸ‡´,CommandLine,Field,
CommandLine:ğŸ‡°ğŸ‡¿,CommandLine,Field,
CommandLine:ğŸ‡°ğŸ‡ª,CommandLine,Field,
CommandLine:ğŸ‡°ğŸ‡®,CommandLine,Field,
CommandLine:ğŸ‡½ğŸ‡°,CommandLine,Field,
CommandLine:ğŸ‡°ğŸ‡¼,CommandLine,Field,
CommandLine:ğŸ‡°ğŸ‡¬,CommandLine,Field,
CommandLine:ğŸ‡±ğŸ‡¦,CommandLine,Field,
CommandLine:ğŸ‡±ğŸ‡»,CommandLine,Field,
CommandLine:ğŸ‡±ğŸ‡§,CommandLine,Field,
CommandLine:ğŸ‡±ğŸ‡¸,CommandLine,Field,
CommandLine:ğŸ‡±ğŸ‡·,CommandLine,Field,
CommandLine:ğŸ‡±ğŸ‡¾,CommandLine,Field,
CommandLine:ğŸ‡±ğŸ‡®,CommandLine,Field,
CommandLine:ğŸ‡±ğŸ‡¹,CommandLine,Field,
CommandLine:ğŸ‡±ğŸ‡º,CommandLine,Field,
CommandLine:ğŸ‡²ğŸ‡´,CommandLine,Field,
CommandLine:ğŸ‡²ğŸ‡°,CommandLine,Field,
CommandLine:ğŸ‡²ğŸ‡¬,CommandLine,Field,
CommandLine:ğŸ‡²ğŸ‡¼,CommandLine,Field,
CommandLine:ğŸ‡²ğŸ‡¾,CommandLine,Field,
CommandLine:ğŸ‡²ğŸ‡»,CommandLine,Field,
CommandLine:ğŸ‡²ğŸ‡±,CommandLine,Field,
CommandLine:ğŸ‡²ğŸ‡¹,CommandLine,Field,
CommandLine:ğŸ‡²ğŸ‡­,CommandLine,Field,
CommandLine:ğŸ‡²ğŸ‡¶,CommandLine,Field,
CommandLine:ğŸ‡²ğŸ‡·,CommandLine,Field,
CommandLine:ğŸ‡²ğŸ‡º,CommandLine,Field,
CommandLine:ğŸ‡¾ğŸ‡¹,CommandLine,Field,
CommandLine:ğŸ‡²ğŸ‡½,CommandLine,Field,
CommandLine:ğŸ‡«ğŸ‡²,CommandLine,Field,
CommandLine:ğŸ‡²ğŸ‡©,CommandLine,Field,
CommandLine:ğŸ‡²ğŸ‡¨,CommandLine,Field,
CommandLine:ğŸ‡²ğŸ‡³,CommandLine,Field,
CommandLine:ğŸ‡²ğŸ‡ª,CommandLine,Field,
CommandLine:ğŸ‡²ğŸ‡¸,CommandLine,Field,
CommandLine:ğŸ‡²ğŸ‡¦,CommandLine,Field,
CommandLine:ğŸ‡²ğŸ‡¿,CommandLine,Field,
CommandLine:ğŸ‡²ğŸ‡²,CommandLine,Field,
CommandLine:ğŸ‡³ğŸ‡¦,CommandLine,Field,
CommandLine:ğŸ‡³ğŸ‡·,CommandLine,Field,
CommandLine:ğŸ‡³ğŸ‡µ,CommandLine,Field,
CommandLine:ğŸ‡³ğŸ‡±,CommandLine,Field,
CommandLine:ğŸ‡³ğŸ‡¨,CommandLine,Field,
CommandLine:ğŸ‡³ğŸ‡¿,CommandLine,Field,
CommandLine:ğŸ‡³ğŸ‡®,CommandLine,Field,
CommandLine:ğŸ‡³ğŸ‡ª,CommandLine,Field,
CommandLine:ğŸ‡³ğŸ‡¬,CommandLine,Field,
CommandLine:ğŸ‡³ğŸ‡º,CommandLine,Field,
CommandLine:ğŸ‡³ğŸ‡«,CommandLine,Field,
CommandLine:ğŸ‡°ğŸ‡µ,CommandLine,Field,
CommandLine:ğŸ‡²ğŸ‡µ,CommandLine,Field,
CommandLine:ğŸ‡³ğŸ‡´,CommandLine,Field,
CommandLine:ğŸ‡´ğŸ‡²,CommandLine,Field,
CommandLine:ğŸ‡µğŸ‡°,CommandLine,Field,
CommandLine:ğŸ‡µğŸ‡¼,CommandLine,Field,
CommandLine:ğŸ‡µğŸ‡¸,CommandLine,Field,
CommandLine:ğŸ‡µğŸ‡¦,CommandLine,Field,
CommandLine:ğŸ‡µğŸ‡¬,CommandLine,Field,
CommandLine:ğŸ‡µğŸ‡¾,CommandLine,Field,
CommandLine:ğŸ‡µğŸ‡ª,CommandLine,Field,
CommandLine:ğŸ‡µğŸ‡­,CommandLine,Field,
CommandLine:ğŸ‡µğŸ‡³,CommandLine,Field,
CommandLine:ğŸ‡µğŸ‡±,CommandLine,Field,
CommandLine:ğŸ‡µğŸ‡¹,CommandLine,Field,
CommandLine:ğŸ‡µğŸ‡·,CommandLine,Field,
CommandLine:ğŸ‡¶ğŸ‡¦,CommandLine,Field,
CommandLine:ğŸ‡·ğŸ‡ª,CommandLine,Field,
CommandLine:ğŸ‡·ğŸ‡´,CommandLine,Field,
CommandLine:ğŸ‡·ğŸ‡º,CommandLine,Field,
CommandLine:ğŸ‡·ğŸ‡¼,CommandLine,Field,
CommandLine:ğŸ‡¼ğŸ‡¸,CommandLine,Field,
CommandLine:ğŸ‡¸ğŸ‡²,CommandLine,Field,
CommandLine:ğŸ‡¸ğŸ‡¦,CommandLine,Field,
CommandLine:ğŸ‡¸ğŸ‡³,CommandLine,Field,
CommandLine:ğŸ‡·ğŸ‡¸,CommandLine,Field,
CommandLine:ğŸ‡¸ğŸ‡¨,CommandLine,Field,
CommandLine:ğŸ‡¸ğŸ‡±,CommandLine,Field,
CommandLine:ğŸ‡¸ğŸ‡¬,CommandLine,Field,
CommandLine:ğŸ‡¸ğŸ‡½,CommandLine,Field,
CommandLine:ğŸ‡¸ğŸ‡°,CommandLine,Field,
CommandLine:ğŸ‡¸ğŸ‡®,CommandLine,Field,
CommandLine:ğŸ‡¬ğŸ‡¸,CommandLine,Field,
CommandLine:ğŸ‡¸ğŸ‡§,CommandLine,Field,
CommandLine:ğŸ‡¸ğŸ‡´,CommandLine,Field,
CommandLine:ğŸ‡¿ğŸ‡¦,CommandLine,Field,
CommandLine:ğŸ‡°ğŸ‡·,CommandLine,Field,
CommandLine:ğŸ‡¸ğŸ‡¸,CommandLine,Field,
CommandLine:ğŸ‡ªğŸ‡¸,CommandLine,Field,
CommandLine:ğŸ‡±ğŸ‡°,CommandLine,Field,
CommandLine:ğŸ‡§ğŸ‡±,CommandLine,Field,
CommandLine:ğŸ‡¸ğŸ‡­,CommandLine,Field,
CommandLine:ğŸ‡°ğŸ‡³,CommandLine,Field,
CommandLine:ğŸ‡±ğŸ‡¨,CommandLine,Field,
CommandLine:ğŸ‡µğŸ‡²,CommandLine,Field,
CommandLine:ğŸ‡»ğŸ‡¨,CommandLine,Field,
CommandLine:ğŸ‡¸ğŸ‡©,CommandLine,Field,
CommandLine:ğŸ‡¸ğŸ‡·,CommandLine,Field,
CommandLine:ğŸ‡¸ğŸ‡¿,CommandLine,Field,
CommandLine:ğŸ‡¸ğŸ‡ª,CommandLine,Field,
CommandLine:ğŸ‡¨ğŸ‡­,CommandLine,Field,
CommandLine:ğŸ‡¸ğŸ‡¾,CommandLine,Field,
CommandLine:ğŸ‡¹ğŸ‡¼,CommandLine,Field,
CommandLine:ğŸ‡¹ğŸ‡¯,CommandLine,Field,
CommandLine:ğŸ‡¹ğŸ‡¿,CommandLine,Field,
CommandLine:ğŸ‡¹ğŸ‡­,CommandLine,Field,
CommandLine:ğŸ‡¹ğŸ‡±,CommandLine,Field,
CommandLine:ğŸ‡¹ğŸ‡¬,CommandLine,Field,
CommandLine:ğŸ‡¹ğŸ‡°,CommandLine,Field,
CommandLine:ğŸ‡¹ğŸ‡´,CommandLine,Field,
CommandLine:ğŸ‡¹ğŸ‡¹,CommandLine,Field,
CommandLine:ğŸ‡¹ğŸ‡³,CommandLine,Field,
CommandLine:ğŸ‡¹ğŸ‡·,CommandLine,Field,
CommandLine:ğŸ‡¹ğŸ‡²,CommandLine,Field,
CommandLine:ğŸ‡¹ğŸ‡¨,CommandLine,Field,
CommandLine:ğŸ‡¹ğŸ‡»,CommandLine,Field,
CommandLine:ğŸ‡»ğŸ‡®,CommandLine,Field,
CommandLine:ğŸ‡ºğŸ‡¬,CommandLine,Field,
CommandLine:ğŸ‡ºğŸ‡¦,CommandLine,Field,
CommandLine:ğŸ‡¦ğŸ‡ª,CommandLine,Field,
CommandLine:ğŸ‡¬ğŸ‡§,CommandLine,Field,
CommandLine:ğŸ´ó §ó ¢ó ¥ó ®ó §ó ¿,CommandLine,Field,
CommandLine:ğŸ´ó §ó ¢ó ³ó £ó ´ó ¿,CommandLine,Field,
CommandLine:ğŸ´ó §ó ¢ó ·ó ¬ó ³ó ¿,CommandLine,Field,
CommandLine:ğŸ‡ºğŸ‡³,CommandLine,Field,
CommandLine:ğŸ‡ºğŸ‡¸,CommandLine,Field,
CommandLine:ğŸ‡ºğŸ‡¾,CommandLine,Field,
CommandLine:ğŸ‡ºğŸ‡¿,CommandLine,Field,
CommandLine:ğŸ‡»ğŸ‡º,CommandLine,Field,
CommandLine:ğŸ‡»ğŸ‡¦,CommandLine,Field,
CommandLine:ğŸ‡»ğŸ‡ª,CommandLine,Field,
CommandLine:ğŸ‡»ğŸ‡³,CommandLine,Field,
CommandLine:ğŸ‡¼ğŸ‡«,CommandLine,Field,
CommandLine:ğŸ‡ªğŸ‡­,CommandLine,Field,
CommandLine:ğŸ‡¾ğŸ‡ª,CommandLine,Field,
CommandLine:ğŸ‡¿ğŸ‡²,CommandLine,Field,
CommandLine:ğŸ‡¿ğŸ‡¼ğŸ« ,CommandLine,Field,
CommandLine:ğŸ«¢,CommandLine,Field,
CommandLine:ğŸ«£,CommandLine,Field,
CommandLine:ğŸ«¡,CommandLine,Field,
CommandLine:ğŸ«¥,CommandLine,Field,
CommandLine:ğŸ«¤,CommandLine,Field,
CommandLine:ğŸ¥¹,CommandLine,Field,
CommandLine:ğŸ«±,CommandLine,Field,
CommandLine:ğŸ«±ğŸ»,CommandLine,Field,
CommandLine:ğŸ«±ğŸ¼,CommandLine,Field,
CommandLine:ğŸ«±ğŸ½,CommandLine,Field,
CommandLine:ğŸ«±ğŸ¾,CommandLine,Field,
CommandLine:ğŸ«±ğŸ¿,CommandLine,Field,
CommandLine:ğŸ«²,CommandLine,Field,
CommandLine:ğŸ«²ğŸ»,CommandLine,Field,
CommandLine:ğŸ«²ğŸ¼,CommandLine,Field,
CommandLine:ğŸ«²ğŸ½,CommandLine,Field,
CommandLine:ğŸ«²ğŸ¾,CommandLine,Field,
CommandLine:ğŸ«²ğŸ¿,CommandLine,Field,
CommandLine:ğŸ«³,CommandLine,Field,
CommandLine:ğŸ«³ğŸ»,CommandLine,Field,
CommandLine:ğŸ«³ğŸ¼,CommandLine,Field,
CommandLine:ğŸ«³ğŸ½,CommandLine,Field,
CommandLine:ğŸ«³ğŸ¾,CommandLine,Field,
CommandLine:ğŸ«³ğŸ¿,CommandLine,Field,
CommandLine:ğŸ«´,CommandLine,Field,
CommandLine:ğŸ«´ğŸ»,CommandLine,Field,
CommandLine:ğŸ«´ğŸ¼,CommandLine,Field,
CommandLine:ğŸ«´ğŸ½,CommandLine,Field,
CommandLine:ğŸ«´ğŸ¾,CommandLine,Field,
CommandLine:ğŸ«´ğŸ¿,CommandLine,Field,
CommandLine:ğŸ«°,CommandLine,Field,
CommandLine:ğŸ«°ğŸ»,CommandLine,Field,
CommandLine:ğŸ«°ğŸ¼,CommandLine,Field,
CommandLine:ğŸ«°ğŸ½,CommandLine,Field,
CommandLine:ğŸ«°ğŸ¾,CommandLine,Field,
CommandLine:ğŸ«°ğŸ¿,CommandLine,Field,
CommandLine:ğŸ«µ,CommandLine,Field,
CommandLine:ğŸ«µğŸ»,CommandLine,Field,
CommandLine:ğŸ«µğŸ¼,CommandLine,Field,
CommandLine:ğŸ«µğŸ½,CommandLine,Field,
CommandLine:ğŸ«µğŸ¾,CommandLine,Field,
CommandLine:ğŸ«µğŸ¿,CommandLine,Field,
CommandLine:ğŸ«¶,CommandLine,Field,
CommandLine:ğŸ«¶ğŸ»,CommandLine,Field,
CommandLine:ğŸ«¶ğŸ¼,CommandLine,Field,
CommandLine:ğŸ«¶ğŸ½,CommandLine,Field,
CommandLine:ğŸ«¶ğŸ¾,CommandLine,Field,
CommandLine:ğŸ«¶ğŸ¿,CommandLine,Field,
CommandLine:ğŸ¤ğŸ»,CommandLine,Field,
CommandLine:ğŸ¤ğŸ¼,CommandLine,Field,
CommandLine:ğŸ¤ğŸ½,CommandLine,Field,
CommandLine:ğŸ¤ğŸ¾,CommandLine,Field,
CommandLine:ğŸ¤ğŸ¿,CommandLine,Field,
CommandLine:ğŸ«±ğŸ»â€ğŸ«²ğŸ¼,CommandLine,Field,
CommandLine:ğŸ«±ğŸ»â€ğŸ«²ğŸ½,CommandLine,Field,
CommandLine:ğŸ«±ğŸ»â€ğŸ«²ğŸ¾,CommandLine,Field,
CommandLine:ğŸ«±ğŸ»â€ğŸ«²ğŸ¿,CommandLine,Field,
CommandLine:ğŸ«±ğŸ¼â€ğŸ«²ğŸ»,CommandLine,Field,
CommandLine:ğŸ«±ğŸ¼â€ğŸ«²ğŸ½,CommandLine,Field,
CommandLine:ğŸ«±ğŸ¼â€ğŸ«²ğŸ¾,CommandLine,Field,
CommandLine:ğŸ«±ğŸ¼â€ğŸ«²ğŸ¿,CommandLine,Field,
CommandLine:ğŸ«±ğŸ½â€ğŸ«²ğŸ»,CommandLine,Field,
CommandLine:ğŸ«±ğŸ½â€ğŸ«²ğŸ¼,CommandLine,Field,
CommandLine:ğŸ«±ğŸ½â€ğŸ«²ğŸ¾,CommandLine,Field,
CommandLine:ğŸ«±ğŸ½â€ğŸ«²ğŸ¿,CommandLine,Field,
CommandLine:ğŸ«±ğŸ¾â€ğŸ«²ğŸ»,CommandLine,Field,
CommandLine:ğŸ«±ğŸ¾â€ğŸ«²ğŸ¼,CommandLine,Field,
CommandLine:ğŸ«±ğŸ¾â€ğŸ«²ğŸ½,CommandLine,Field,
CommandLine:ğŸ«±ğŸ¾â€ğŸ«²ğŸ¿,CommandLine,Field,
CommandLine:ğŸ«±ğŸ¿â€ğŸ«²ğŸ»,CommandLine,Field,
CommandLine:ğŸ«±ğŸ¿â€ğŸ«²ğŸ¼,CommandLine,Field,
CommandLine:ğŸ«±ğŸ¿â€ğŸ«²ğŸ½,CommandLine,Field,
CommandLine:ğŸ«±ğŸ¿â€ğŸ«²ğŸ¾,CommandLine,Field,
CommandLine:ğŸ«¦,CommandLine,Field,
CommandLine:ğŸ«…,CommandLine,Field,
CommandLine:ğŸ«…ğŸ»,CommandLine,Field,
CommandLine:ğŸ«…ğŸ¼,CommandLine,Field,
CommandLine:ğŸ«…ğŸ½,CommandLine,Field,
CommandLine:ğŸ«…ğŸ¾,CommandLine,Field,
CommandLine:ğŸ«…ğŸ¿,CommandLine,Field,
CommandLine:ğŸ«ƒ,CommandLine,Field,
CommandLine:ğŸ«ƒğŸ»,CommandLine,Field,
CommandLine:ğŸ«ƒğŸ¼,CommandLine,Field,
CommandLine:ğŸ«ƒğŸ½,CommandLine,Field,
CommandLine:ğŸ«ƒğŸ¾,CommandLine,Field,
CommandLine:ğŸ«ƒğŸ¿,CommandLine,Field,
CommandLine:ğŸ«„,CommandLine,Field,
CommandLine:ğŸ«„ğŸ»,CommandLine,Field,
CommandLine:ğŸ«„ğŸ¼,CommandLine,Field,
CommandLine:ğŸ«„ğŸ½,CommandLine,Field,
CommandLine:ğŸ«„ğŸ¾,CommandLine,Field,
CommandLine:ğŸ«„ğŸ¿,CommandLine,Field,
CommandLine:ğŸ§Œ,CommandLine,Field,
CommandLine:ğŸª¸,CommandLine,Field,
CommandLine:ğŸª·,CommandLine,Field,
CommandLine:ğŸª¹,CommandLine,Field,
CommandLine:ğŸªº,CommandLine,Field,
CommandLine:ğŸ«˜,CommandLine,Field,
CommandLine:ğŸ«—,CommandLine,Field,
CommandLine:ğŸ«™,CommandLine,Field,
CommandLine:ğŸ›,CommandLine,Field,
CommandLine:ğŸ›,CommandLine,Field,
CommandLine:ğŸ›Ÿ,CommandLine,Field,
CommandLine:ğŸª¬,CommandLine,Field,
CommandLine:ğŸª©,CommandLine,Field,
CommandLine:ğŸª«,CommandLine,Field,
CommandLine:ğŸ©¼,CommandLine,Field,
CommandLine:ğŸ©»,CommandLine,Field,
CommandLine:ğŸ«§,CommandLine,Field,
CommandLine:ğŸªª,CommandLine,Field,
CommandLine:ğŸŸ°,CommandLine,Field,
CommandLine:ğŸ˜®â€ğŸ’¨,CommandLine,Field,
CommandLine:ğŸ˜µâ€ğŸ’«,CommandLine,Field,
CommandLine:ğŸ˜¶â€ğŸŒ«ï¸,CommandLine,Field,
CommandLine:â¤ï¸â€ğŸ”¥,CommandLine,Field,
CommandLine:â¤ï¸â€ğŸ©¹,CommandLine,Field,
CommandLine:ğŸ§”â€â™€ï¸,CommandLine,Field,
CommandLine:ğŸ§”ğŸ»â€â™€ï¸,CommandLine,Field,
CommandLine:ğŸ§”ğŸ¼â€â™€ï¸,CommandLine,Field,
CommandLine:ğŸ§”ğŸ½â€â™€ï¸,CommandLine,Field,
CommandLine:ğŸ§”ğŸ¾â€â™€ï¸,CommandLine,Field,
CommandLine:ğŸ§”ğŸ¿â€â™€ï¸,CommandLine,Field,
CommandLine:ğŸ§”â€â™‚ï¸,CommandLine,Field,
CommandLine:ğŸ§”ğŸ»â€â™‚ï¸,CommandLine,Field,
CommandLine:ğŸ§”ğŸ¼â€â™‚ï¸,CommandLine,Field,
CommandLine:ğŸ§”ğŸ½â€â™‚ï¸,CommandLine,Field,
CommandLine:ğŸ§”ğŸ¾â€â™‚ï¸,CommandLine,Field,
CommandLine:ğŸ§”ğŸ¿â€â™‚ï¸,CommandLine,Field,
CommandLine:ğŸ’‘ğŸ»,CommandLine,Field,
CommandLine:ğŸ’‘ğŸ¼,CommandLine,Field,
CommandLine:ğŸ’‘ğŸ½,CommandLine,Field,
CommandLine:ğŸ’‘ğŸ¾,CommandLine,Field,
CommandLine:ğŸ’‘ğŸ¿,CommandLine,Field,
CommandLine:ğŸ’ğŸ»,CommandLine,Field,
CommandLine:ğŸ’ğŸ¼,CommandLine,Field,
CommandLine:ğŸ’ğŸ½,CommandLine,Field,
CommandLine:ğŸ’ğŸ¾,CommandLine,Field,
CommandLine:ğŸ’ğŸ¿,CommandLine,Field,
CommandLine:ğŸ‘¨ğŸ»â€â¤ï¸â€ğŸ‘¨ğŸ»,CommandLine,Field,
CommandLine:ğŸ‘¨ğŸ»â€â¤ï¸â€ğŸ‘¨ğŸ¼,CommandLine,Field,
CommandLine:ğŸ‘¨ğŸ»â€â¤ï¸â€ğŸ‘¨ğŸ½,CommandLine,Field,
CommandLine:ğŸ‘¨ğŸ»â€â¤ï¸â€ğŸ‘¨ğŸ¾,CommandLine,Field,
CommandLine:ğŸ‘¨ğŸ»â€â¤ï¸â€ğŸ‘¨ğŸ¿,CommandLine,Field,
CommandLine:ğŸ‘¨ğŸ¼â€â¤ï¸â€ğŸ‘¨ğŸ»,CommandLine,Field,
CommandLine:ğŸ‘¨ğŸ¼â€â¤ï¸â€ğŸ‘¨ğŸ¼,CommandLine,Field,
CommandLine:ğŸ‘¨ğŸ¼â€â¤ï¸â€ğŸ‘¨ğŸ½,CommandLine,Field,
CommandLine:ğŸ‘¨ğŸ¼â€â¤ï¸â€ğŸ‘¨ğŸ¾,CommandLine,Field,
CommandLine:ğŸ‘¨ğŸ¼â€â¤ï¸â€ğŸ‘¨ğŸ¿,CommandLine,Field,
CommandLine:ğŸ‘¨ğŸ½â€â¤ï¸â€ğŸ‘¨ğŸ»,CommandLine,Field,
CommandLine:ğŸ‘¨ğŸ½â€â¤ï¸â€ğŸ‘¨ğŸ¼,CommandLine,Field,
CommandLine:ğŸ‘¨ğŸ½â€â¤ï¸â€ğŸ‘¨ğŸ½,CommandLine,Field,
CommandLine:ğŸ‘¨ğŸ½â€â¤ï¸â€ğŸ‘¨ğŸ¾,CommandLine,Field,
CommandLine:ğŸ‘¨ğŸ½â€â¤ï¸â€ğŸ‘¨ğŸ¿,CommandLine,Field,
CommandLine:ğŸ‘¨ğŸ¾â€â¤ï¸â€ğŸ‘¨ğŸ»,CommandLine,Field,
CommandLine:ğŸ‘¨ğŸ¾â€â¤ï¸â€ğŸ‘¨ğŸ¼,CommandLine,Field,
CommandLine:ğŸ‘¨ğŸ¾â€â¤ï¸â€ğŸ‘¨ğŸ½,CommandLine,Field,
CommandLine:ğŸ‘¨ğŸ¾â€â¤ï¸â€ğŸ‘¨ğŸ¾,CommandLine,Field,
CommandLine:ğŸ‘¨ğŸ¾â€â¤ï¸â€ğŸ‘¨ğŸ¿,CommandLine,Field,
CommandLine:ğŸ‘¨ğŸ¿â€â¤ï¸â€ğŸ‘¨ğŸ»,CommandLine,Field,
CommandLine:ğŸ‘¨ğŸ¿â€â¤ï¸â€ğŸ‘¨ğŸ¼,CommandLine,Field,
CommandLine:ğŸ‘¨ğŸ¿â€â¤ï¸â€ğŸ‘¨ğŸ½,CommandLine,Field,
CommandLine:ğŸ‘¨ğŸ¿â€â¤ï¸â€ğŸ‘¨ğŸ¾,CommandLine,Field,
CommandLine:ğŸ‘¨ğŸ¿â€â¤ï¸â€ğŸ‘¨ğŸ¿,CommandLine,Field,
CommandLine:ğŸ‘©ğŸ»â€â¤ï¸â€ğŸ‘¨ğŸ»,CommandLine,Field,
CommandLine:ğŸ‘©ğŸ»â€â¤ï¸â€ğŸ‘¨ğŸ¼,CommandLine,Field,
CommandLine:ğŸ‘©ğŸ»â€â¤ï¸â€ğŸ‘¨ğŸ½,CommandLine,Field,
CommandLine:ğŸ‘©ğŸ»â€â¤ï¸â€ğŸ‘¨ğŸ¾,CommandLine,Field,
CommandLine:ğŸ‘©ğŸ»â€â¤ï¸â€ğŸ‘¨ğŸ¿,CommandLine,Field,
CommandLine:ğŸ‘©ğŸ»â€â¤ï¸â€ğŸ‘©ğŸ»,CommandLine,Field,
CommandLine:ğŸ‘©ğŸ»â€â¤ï¸â€ğŸ‘©ğŸ¼,CommandLine,Field,
CommandLine:ğŸ‘©ğŸ»â€â¤ï¸â€ğŸ‘©ğŸ½,CommandLine,Field,
CommandLine:ğŸ‘©ğŸ»â€â¤ï¸â€ğŸ‘©ğŸ¾,CommandLine,Field,
CommandLine:ğŸ‘©ğŸ»â€â¤ï¸â€ğŸ‘©ğŸ¿,CommandLine,Field,
CommandLine:ğŸ‘©ğŸ¼â€â¤ï¸â€ğŸ‘¨ğŸ»,CommandLine,Field,
CommandLine:ğŸ‘©ğŸ¼â€â¤ï¸â€ğŸ‘¨ğŸ¼,CommandLine,Field,
CommandLine:ğŸ‘©ğŸ¼â€â¤ï¸â€ğŸ‘¨ğŸ½,CommandLine,Field,
CommandLine:ğŸ‘©ğŸ¼â€â¤ï¸â€ğŸ‘¨ğŸ¾,CommandLine,Field,
CommandLine:ğŸ‘©ğŸ¼â€â¤ï¸â€ğŸ‘¨ğŸ¿,CommandLine,Field,
CommandLine:ğŸ‘©ğŸ¼â€â¤ï¸â€ğŸ‘©ğŸ»,CommandLine,Field,
CommandLine:ğŸ‘©ğŸ¼â€â¤ï¸â€ğŸ‘©ğŸ¼,CommandLine,Field,
CommandLine:ğŸ‘©ğŸ¼â€â¤ï¸â€ğŸ‘©ğŸ½,CommandLine,Field,
CommandLine:ğŸ‘©ğŸ¼â€â¤ï¸â€ğŸ‘©ğŸ¾,CommandLine,Field,
CommandLine:ğŸ‘©ğŸ¼â€â¤ï¸â€ğŸ‘©ğŸ¿,CommandLine,Field,
CommandLine:ğŸ‘©ğŸ½â€â¤ï¸â€ğŸ‘¨ğŸ»,CommandLine,Field,
CommandLine:ğŸ‘©ğŸ½â€â¤ï¸â€ğŸ‘¨ğŸ¼,CommandLine,Field,
CommandLine:ğŸ‘©ğŸ½â€â¤ï¸â€ğŸ‘¨ğŸ½,CommandLine,Field,
CommandLine:ğŸ‘©ğŸ½â€â¤ï¸â€ğŸ‘¨ğŸ¾,CommandLine,Field,
CommandLine:ğŸ‘©ğŸ½â€â¤ï¸â€ğŸ‘¨ğŸ¿,CommandLine,Field,
CommandLine:ğŸ‘©ğŸ½â€â¤ï¸â€ğŸ‘©ğŸ»,CommandLine,Field,
CommandLine:ğŸ‘©ğŸ½â€â¤ï¸â€ğŸ‘©ğŸ¼,CommandLine,Field,
CommandLine:ğŸ‘©ğŸ½â€â¤ï¸â€ğŸ‘©ğŸ½,CommandLine,Field,
CommandLine:ğŸ‘©ğŸ½â€â¤ï¸â€ğŸ‘©ğŸ¾,CommandLine,Field,
CommandLine:ğŸ‘©ğŸ½â€â¤ï¸â€ğŸ‘©ğŸ¿,CommandLine,Field,
CommandLine:ğŸ‘©ğŸ¾â€â¤ï¸â€ğŸ‘¨ğŸ»,CommandLine,Field,
CommandLine:ğŸ‘©ğŸ¾â€â¤ï¸â€ğŸ‘¨ğŸ¼,CommandLine,Field,
CommandLine:ğŸ‘©ğŸ¾â€â¤ï¸â€ğŸ‘¨ğŸ½,CommandLine,Field,
CommandLine:ğŸ‘©ğŸ¾â€â¤ï¸â€ğŸ‘¨ğŸ¾,CommandLine,Field,
CommandLine:ğŸ‘©ğŸ¾â€â¤ï¸â€ğŸ‘¨ğŸ¿,CommandLine,Field,
CommandLine:ğŸ‘©ğŸ¾â€â¤ï¸â€ğŸ‘©ğŸ»,CommandLine,Field,
CommandLine:ğŸ‘©ğŸ¾â€â¤ï¸â€ğŸ‘©ğŸ¼,CommandLine,Field,
CommandLine:ğŸ‘©ğŸ¾â€â¤ï¸â€ğŸ‘©ğŸ½,CommandLine,Field,
CommandLine:ğŸ‘©ğŸ¾â€â¤ï¸â€ğŸ‘©ğŸ¾,CommandLine,Field,
CommandLine:ğŸ‘©ğŸ¾â€â¤ï¸â€ğŸ‘©ğŸ¿,CommandLine,Field,
CommandLine:ğŸ‘©ğŸ¿â€â¤ï¸â€ğŸ‘¨ğŸ»,CommandLine,Field,
CommandLine:ğŸ‘©ğŸ¿â€â¤ï¸â€ğŸ‘¨ğŸ¼,CommandLine,Field,
CommandLine:ğŸ‘©ğŸ¿â€â¤ï¸â€ğŸ‘¨ğŸ½,CommandLine,Field,
CommandLine:ğŸ‘©ğŸ¿â€â¤ï¸â€ğŸ‘¨ğŸ¾,CommandLine,Field,
CommandLine:ğŸ‘©ğŸ¿â€â¤ï¸â€ğŸ‘¨ğŸ¿,CommandLine,Field,
CommandLine:ğŸ‘©ğŸ¿â€â¤ï¸â€ğŸ‘©ğŸ»,CommandLine,Field,
CommandLine:ğŸ‘©ğŸ¿â€â¤ï¸â€ğŸ‘©ğŸ¼,CommandLine,Field,
CommandLine:ğŸ‘©ğŸ¿â€â¤ï¸â€ğŸ‘©ğŸ½,CommandLine,Field,
CommandLine:ğŸ‘©ğŸ¿â€â¤ï¸â€ğŸ‘©ğŸ¾,CommandLine,Field,
CommandLine:ğŸ‘©ğŸ¿â€â¤ï¸â€ğŸ‘©ğŸ¿,CommandLine,Field,
CommandLine:ğŸ§‘ğŸ»â€â¤ï¸â€ğŸ§‘ğŸ¼,CommandLine,Field,
CommandLine:ğŸ§‘ğŸ»â€â¤ï¸â€ğŸ§‘ğŸ½,CommandLine,Field,
CommandLine:ğŸ§‘ğŸ»â€â¤ï¸â€ğŸ§‘ğŸ¾,CommandLine,Field,
CommandLine:ğŸ§‘ğŸ»â€â¤ï¸â€ğŸ§‘ğŸ¿,CommandLine,Field,
CommandLine:ğŸ§‘ğŸ¼â€â¤ï¸â€ğŸ§‘ğŸ»,CommandLine,Field,
CommandLine:ğŸ§‘ğŸ¼â€â¤ï¸â€ğŸ§‘ğŸ½,CommandLine,Field,
CommandLine:ğŸ§‘ğŸ¼â€â¤ï¸â€ğŸ§‘ğŸ¾,CommandLine,Field,
CommandLine:ğŸ§‘ğŸ¼â€â¤ï¸â€ğŸ§‘ğŸ¿,CommandLine,Field,
CommandLine:ğŸ§‘ğŸ½â€â¤ï¸â€ğŸ§‘ğŸ»,CommandLine,Field,
CommandLine:ğŸ§‘ğŸ½â€â¤ï¸â€ğŸ§‘ğŸ¼,CommandLine,Field,
CommandLine:ğŸ§‘ğŸ½â€â¤ï¸â€ğŸ§‘ğŸ¾,CommandLine,Field,
CommandLine:ğŸ§‘ğŸ½â€â¤ï¸â€ğŸ§‘ğŸ¿,CommandLine,Field,
CommandLine:ğŸ§‘ğŸ¾â€â¤ï¸â€ğŸ§‘ğŸ»,CommandLine,Field,
CommandLine:ğŸ§‘ğŸ¾â€â¤ï¸â€ğŸ§‘ğŸ¼,CommandLine,Field,
CommandLine:ğŸ§‘ğŸ¾â€â¤ï¸â€ğŸ§‘ğŸ½,CommandLine,Field,
CommandLine:ğŸ§‘ğŸ¾â€â¤ï¸â€ğŸ§‘ğŸ¿,CommandLine,Field,
CommandLine:ğŸ§‘ğŸ¿â€â¤ï¸â€ğŸ§‘ğŸ»,CommandLine,Field,
CommandLine:ğŸ§‘ğŸ¿â€â¤ï¸â€ğŸ§‘ğŸ¼,CommandLine,Field,
CommandLine:ğŸ§‘ğŸ¿â€â¤ï¸â€ğŸ§‘ğŸ½,CommandLine,Field,
CommandLine:ğŸ§‘ğŸ¿â€â¤ï¸â€ğŸ§‘ğŸ¾,CommandLine,Field,
CommandLine:ğŸ‘¨ğŸ»â€â¤ï¸â€ğŸ’‹â€ğŸ‘¨ğŸ»,CommandLine,Field,
CommandLine:ğŸ‘¨ğŸ»â€â¤ï¸â€ğŸ’‹â€ğŸ‘¨ğŸ¼,CommandLine,Field,
CommandLine:ğŸ‘¨ğŸ»â€â¤ï¸â€ğŸ’‹â€ğŸ‘¨ğŸ½,CommandLine,Field,
CommandLine:ğŸ‘¨ğŸ»â€â¤ï¸â€ğŸ’‹â€ğŸ‘¨ğŸ¾,CommandLine,Field,
CommandLine:ğŸ‘¨ğŸ»â€â¤ï¸â€ğŸ’‹â€ğŸ‘¨ğŸ¿,CommandLine,Field,
CommandLine:ğŸ‘¨ğŸ¼â€â¤ï¸â€ğŸ’‹â€ğŸ‘¨ğŸ»,CommandLine,Field,
CommandLine:ğŸ‘¨ğŸ¼â€â¤ï¸â€ğŸ’‹â€ğŸ‘¨ğŸ¼,CommandLine,Field,
CommandLine:ğŸ‘¨ğŸ¼â€â¤ï¸â€ğŸ’‹â€ğŸ‘¨ğŸ½,CommandLine,Field,
CommandLine:ğŸ‘¨ğŸ¼â€â¤ï¸â€ğŸ’‹â€ğŸ‘¨ğŸ¾,CommandLine,Field,
CommandLine:ğŸ‘¨ğŸ¼â€â¤ï¸â€ğŸ’‹â€ğŸ‘¨ğŸ¿,CommandLine,Field,
CommandLine:ğŸ‘¨ğŸ½â€â¤ï¸â€ğŸ’‹â€ğŸ‘¨ğŸ»,CommandLine,Field,
CommandLine:ğŸ‘¨ğŸ½â€â¤ï¸â€ğŸ’‹â€ğŸ‘¨ğŸ¼,CommandLine,Field,
CommandLine:ğŸ‘¨ğŸ½â€â¤ï¸â€ğŸ’‹â€ğŸ‘¨ğŸ½,CommandLine,Field,
CommandLine:ğŸ‘¨ğŸ½â€â¤ï¸â€ğŸ’‹â€ğŸ‘¨ğŸ¾,CommandLine,Field,
CommandLine:ğŸ‘¨ğŸ½â€â¤ï¸â€ğŸ’‹â€ğŸ‘¨ğŸ¿,CommandLine,Field,
CommandLine:ğŸ‘¨ğŸ¾â€â¤ï¸â€ğŸ’‹â€ğŸ‘¨ğŸ»,CommandLine,Field,
CommandLine:ğŸ‘¨ğŸ¾â€â¤ï¸â€ğŸ’‹â€ğŸ‘¨ğŸ¼,CommandLine,Field,
CommandLine:ğŸ‘¨ğŸ¾â€â¤ï¸â€ğŸ’‹â€ğŸ‘¨ğŸ½,CommandLine,Field,
CommandLine:ğŸ‘¨ğŸ¾â€â¤ï¸â€ğŸ’‹â€ğŸ‘¨ğŸ¾,CommandLine,Field,
CommandLine:ğŸ‘¨ğŸ¾â€â¤ï¸â€ğŸ’‹â€ğŸ‘¨ğŸ¿,CommandLine,Field,
CommandLine:ğŸ‘¨ğŸ¿â€â¤ï¸â€ğŸ’‹â€ğŸ‘¨ğŸ»,CommandLine,Field,
CommandLine:ğŸ‘¨ğŸ¿â€â¤ï¸â€ğŸ’‹â€ğŸ‘¨ğŸ¼,CommandLine,Field,
CommandLine:ğŸ‘¨ğŸ¿â€â¤ï¸â€ğŸ’‹â€ğŸ‘¨ğŸ½,CommandLine,Field,
CommandLine:ğŸ‘¨ğŸ¿â€â¤ï¸â€ğŸ’‹â€ğŸ‘¨ğŸ¾,CommandLine,Field,
CommandLine:ğŸ‘¨ğŸ¿â€â¤ï¸â€ğŸ’‹â€ğŸ‘¨ğŸ¿,CommandLine,Field,
CommandLine:ğŸ‘©ğŸ»â€â¤ï¸â€ğŸ’‹â€ğŸ‘¨ğŸ»,CommandLine,Field,
CommandLine:ğŸ‘©ğŸ»â€â¤ï¸â€ğŸ’‹â€ğŸ‘¨ğŸ¼,CommandLine,Field,
CommandLine:ğŸ‘©ğŸ»â€â¤ï¸â€ğŸ’‹â€ğŸ‘¨ğŸ½,CommandLine,Field,
CommandLine:ğŸ‘©ğŸ»â€â¤ï¸â€ğŸ’‹â€ğŸ‘¨ğŸ¾,CommandLine,Field,
CommandLine:ğŸ‘©ğŸ»â€â¤ï¸â€ğŸ’‹â€ğŸ‘¨ğŸ¿,CommandLine,Field,
CommandLine:ğŸ‘©ğŸ»â€â¤ï¸â€ğŸ’‹â€ğŸ‘©ğŸ»,CommandLine,Field,
CommandLine:ğŸ‘©ğŸ»â€â¤ï¸â€ğŸ’‹â€ğŸ‘©ğŸ¼,CommandLine,Field,
CommandLine:ğŸ‘©ğŸ»â€â¤ï¸â€ğŸ’‹â€ğŸ‘©ğŸ½,CommandLine,Field,
CommandLine:ğŸ‘©ğŸ»â€â¤ï¸â€ğŸ’‹â€ğŸ‘©ğŸ¾,CommandLine,Field,
CommandLine:ğŸ‘©ğŸ»â€â¤ï¸â€ğŸ’‹â€ğŸ‘©ğŸ¿,CommandLine,Field,
CommandLine:ğŸ‘©ğŸ¼â€â¤ï¸â€ğŸ’‹â€ğŸ‘¨ğŸ»,CommandLine,Field,
CommandLine:ğŸ‘©ğŸ¼â€â¤ï¸â€ğŸ’‹â€ğŸ‘¨ğŸ¼,CommandLine,Field,
CommandLine:ğŸ‘©ğŸ¼â€â¤ï¸â€ğŸ’‹â€ğŸ‘¨ğŸ½,CommandLine,Field,
CommandLine:ğŸ‘©ğŸ¼â€â¤ï¸â€ğŸ’‹â€ğŸ‘¨ğŸ¾,CommandLine,Field,
CommandLine:ğŸ‘©ğŸ¼â€â¤ï¸â€ğŸ’‹â€ğŸ‘¨ğŸ¿,CommandLine,Field,
CommandLine:ğŸ‘©ğŸ¼â€â¤ï¸â€ğŸ’‹â€ğŸ‘©ğŸ»,CommandLine,Field,
CommandLine:ğŸ‘©ğŸ¼â€â¤ï¸â€ğŸ’‹â€ğŸ‘©ğŸ¼,CommandLine,Field,
CommandLine:ğŸ‘©ğŸ¼â€â¤ï¸â€ğŸ’‹â€ğŸ‘©ğŸ½,CommandLine,Field,
CommandLine:ğŸ‘©ğŸ¼â€â¤ï¸â€ğŸ’‹â€ğŸ‘©ğŸ¾,CommandLine,Field,
CommandLine:ğŸ‘©ğŸ¼â€â¤ï¸â€ğŸ’‹â€ğŸ‘©ğŸ¿,CommandLine,Field,
CommandLine:ğŸ‘©ğŸ½â€â¤ï¸â€ğŸ’‹â€ğŸ‘¨ğŸ»,CommandLine,Field,
CommandLine:ğŸ‘©ğŸ½â€â¤ï¸â€ğŸ’‹â€ğŸ‘¨ğŸ¼,CommandLine,Field,
CommandLine:ğŸ‘©ğŸ½â€â¤ï¸â€ğŸ’‹â€ğŸ‘¨ğŸ½,CommandLine,Field,
CommandLine:ğŸ‘©ğŸ½â€â¤ï¸â€ğŸ’‹â€ğŸ‘¨ğŸ¾,CommandLine,Field,
CommandLine:ğŸ‘©ğŸ½â€â¤ï¸â€ğŸ’‹â€ğŸ‘¨ğŸ¿,CommandLine,Field,
CommandLine:ğŸ‘©ğŸ½â€â¤ï¸â€ğŸ’‹â€ğŸ‘©ğŸ»,CommandLine,Field,
CommandLine:ğŸ‘©ğŸ½â€â¤ï¸â€ğŸ’‹â€ğŸ‘©ğŸ¼,CommandLine,Field,
CommandLine:ğŸ‘©ğŸ½â€â¤ï¸â€ğŸ’‹â€ğŸ‘©ğŸ½,CommandLine,Field,
CommandLine:ğŸ‘©ğŸ½â€â¤ï¸â€ğŸ’‹â€ğŸ‘©ğŸ¾,CommandLine,Field,
CommandLine:ğŸ‘©ğŸ½â€â¤ï¸â€ğŸ’‹â€ğŸ‘©ğŸ¿,CommandLine,Field,
CommandLine:ğŸ‘©ğŸ¾â€â¤ï¸â€ğŸ’‹â€ğŸ‘¨ğŸ»,CommandLine,Field,
CommandLine:ğŸ‘©ğŸ¾â€â¤ï¸â€ğŸ’‹â€ğŸ‘¨ğŸ¼,CommandLine,Field,
CommandLine:ğŸ‘©ğŸ¾â€â¤ï¸â€ğŸ’‹â€ğŸ‘¨ğŸ½,CommandLine,Field,
CommandLine:ğŸ‘©ğŸ¾â€â¤ï¸â€ğŸ’‹â€ğŸ‘¨ğŸ¾,CommandLine,Field,
CommandLine:ğŸ‘©ğŸ¾â€â¤ï¸â€ğŸ’‹â€ğŸ‘¨ğŸ¿,CommandLine,Field,
CommandLine:ğŸ‘©ğŸ¾â€â¤ï¸â€ğŸ’‹â€ğŸ‘©ğŸ»,CommandLine,Field,
CommandLine:ğŸ‘©ğŸ¾â€â¤ï¸â€ğŸ’‹â€ğŸ‘©ğŸ¼,CommandLine,Field,
CommandLine:ğŸ‘©ğŸ¾â€â¤ï¸â€ğŸ’‹â€ğŸ‘©ğŸ½,CommandLine,Field,
CommandLine:ğŸ‘©ğŸ¾â€â¤ï¸â€ğŸ’‹â€ğŸ‘©ğŸ¾,CommandLine,Field,
CommandLine:ğŸ‘©ğŸ¾â€â¤ï¸â€ğŸ’‹â€ğŸ‘©ğŸ¿,CommandLine,Field,
CommandLine:ğŸ‘©ğŸ¿â€â¤ï¸â€ğŸ’‹â€ğŸ‘¨ğŸ»,CommandLine,Field,
CommandLine:ğŸ‘©ğŸ¿â€â¤ï¸â€ğŸ’‹â€ğŸ‘¨ğŸ¼,CommandLine,Field,
CommandLine:ğŸ‘©ğŸ¿â€â¤ï¸â€ğŸ’‹â€ğŸ‘¨ğŸ½,CommandLine,Field,
CommandLine:ğŸ‘©ğŸ¿â€â¤ï¸â€ğŸ’‹â€ğŸ‘¨ğŸ¾,CommandLine,Field,
CommandLine:ğŸ‘©ğŸ¿â€â¤ï¸â€ğŸ’‹â€ğŸ‘¨ğŸ¿,CommandLine,Field,
CommandLine:ğŸ‘©ğŸ¿â€â¤ï¸â€ğŸ’‹â€ğŸ‘©ğŸ»,CommandLine,Field,
CommandLine:ğŸ‘©ğŸ¿â€â¤ï¸â€ğŸ’‹â€ğŸ‘©ğŸ¼,CommandLine,Field,
CommandLine:ğŸ‘©ğŸ¿â€â¤ï¸â€ğŸ’‹â€ğŸ‘©ğŸ½,CommandLine,Field,
CommandLine:ğŸ‘©ğŸ¿â€â¤ï¸â€ğŸ’‹â€ğŸ‘©ğŸ¾,CommandLine,Field,
CommandLine:ğŸ‘©ğŸ¿â€â¤ï¸â€ğŸ’‹â€ğŸ‘©ğŸ¿,CommandLine,Field,
CommandLine:ğŸ§‘ğŸ»â€â¤ï¸â€ğŸ’‹â€ğŸ§‘ğŸ¼,CommandLine,Field,
CommandLine:ğŸ§‘ğŸ»â€â¤ï¸â€ğŸ’‹â€ğŸ§‘ğŸ½,CommandLine,Field,
CommandLine:ğŸ§‘ğŸ»â€â¤ï¸â€ğŸ’‹â€ğŸ§‘ğŸ¾,CommandLine,Field,
CommandLine:ğŸ§‘ğŸ»â€â¤ï¸â€ğŸ’‹â€ğŸ§‘ğŸ¿,CommandLine,Field,
CommandLine:ğŸ§‘ğŸ¼â€â¤ï¸â€ğŸ’‹â€ğŸ§‘ğŸ»,CommandLine,Field,
CommandLine:ğŸ§‘ğŸ¼â€â¤ï¸â€ğŸ’‹â€ğŸ§‘ğŸ½,CommandLine,Field,
CommandLine:ğŸ§‘ğŸ¼â€â¤ï¸â€ğŸ’‹â€ğŸ§‘ğŸ¾,CommandLine,Field,
CommandLine:ğŸ§‘ğŸ¼â€â¤ï¸â€ğŸ’‹â€ğŸ§‘ğŸ¿,CommandLine,Field,
CommandLine:ğŸ§‘ğŸ½â€â¤ï¸â€ğŸ’‹â€ğŸ§‘ğŸ»,CommandLine,Field,
CommandLine:ğŸ§‘ğŸ½â€â¤ï¸â€ğŸ’‹â€ğŸ§‘ğŸ¼,CommandLine,Field,
CommandLine:ğŸ§‘ğŸ½â€â¤ï¸â€ğŸ’‹â€ğŸ§‘ğŸ¾,CommandLine,Field,
CommandLine:ğŸ§‘ğŸ½â€â¤ï¸â€ğŸ’‹â€ğŸ§‘ğŸ¿,CommandLine,Field,
CommandLine:ğŸ§‘ğŸ¾â€â¤ï¸â€ğŸ’‹â€ğŸ§‘ğŸ»,CommandLine,Field,
CommandLine:ğŸ§‘ğŸ¾â€â¤ï¸â€ğŸ’‹â€ğŸ§‘ğŸ¼,CommandLine,Field,
CommandLine:ğŸ§‘ğŸ¾â€â¤ï¸â€ğŸ’‹â€ğŸ§‘ğŸ½,CommandLine,Field,
CommandLine:ğŸ§‘ğŸ¾â€â¤ï¸â€ğŸ’‹â€ğŸ§‘ğŸ¿,CommandLine,Field,
CommandLine:ğŸ§‘ğŸ¿â€â¤ï¸â€ğŸ’‹â€ğŸ§‘ğŸ»,CommandLine,Field,
CommandLine:ğŸ§‘ğŸ¿â€â¤ï¸â€ğŸ’‹â€ğŸ§‘ğŸ¼,CommandLine,Field,
CommandLine:ğŸ§‘ğŸ¿â€â¤ï¸â€ğŸ’‹â€ğŸ§‘ğŸ½,CommandLine,Field,
CommandLine:ğŸ§‘ğŸ¿â€â¤ï¸â€ğŸ’‹â€ğŸ§‘ğŸ¾,CommandLine,Field,
OriginalFileName:sdelete.exe,OriginalFileName,Field,
Image:\\sdelete.exe,Image,Field,
Image:\\sdelete64.exe,Image,Field,
Image:C:\\Program Files\\,Image,Field,
Image:C:\\Program Files (x86)\\,Image,Field,
Image:\\expand.exe,Image,Field,
CommandLine:-F:,CommandLine,Field,
CommandLine::\\Perflogs\\,CommandLine,Field,
CommandLine::\\ProgramData,CommandLine,Field,
CommandLine::\\Users\\Public\\,CommandLine,Field,
CommandLine::\\Windows\\Temp\\,CommandLine,Field,
CommandLine:\\Admin$\\,CommandLine,Field,
CommandLine:\\AppData\\Local\\Temp\\,CommandLine,Field,
CommandLine:\\AppData\\Roaming\\,CommandLine,Field,
CommandLine:\\C$\\,CommandLine,Field,
CommandLine:\\Temporary Internet,CommandLine,Field,
ParentImage:C:\\Program Files (x86)\\Dell\\UpdateService\\ServiceShell.exe,ParentImage,Field,
CommandLine:C:\\ProgramData\\Dell\\UpdateService\\Temp\\,CommandLine,Field,
Image:RECYCLERS.BIN\\,Image,Field,
Image:RECYCLER.BIN\\,Image,Field,
CommandLine:/portable,CommandLine,Field,
CommandLine:/lng,CommandLine,Field,
CommandLine:Compress-Archive -Path*-DestinationPath $env:TEMP,CommandLine,Field,
CommandLine:Compress-Archive -Path*-DestinationPath*\\AppData\\Local\\Temp\\,CommandLine,Field,
CommandLine:Compress-Archive -Path*-DestinationPath*:\\Windows\\Temp\\,CommandLine,Field,
CommandLine: -f ,CommandLine,Field,
CommandLine:.rsp,CommandLine,Field,
Image:\\client32.exe,Image,Field,
Image:\\cmd.exe,Image,Field,
ParentImage:\\csrss.exe,ParentImage,Field,
ParentImage:\\ctfmon.exe,ParentImage,Field,
ParentImage:\\dllhost.exe,ParentImage,Field,
ParentImage:\\epad.exe,ParentImage,Field,
ParentImage:\\FlashPlayerUpdateService.exe,ParentImage,Field,
ParentImage:\\GoogleUpdate.exe,ParentImage,Field,
ParentImage:\\jucheck.exe,ParentImage,Field,
ParentImage:\\jusched.exe,ParentImage,Field,
ParentImage:\\LogonUI.exe,ParentImage,Field,
ParentImage:\\lsass.exe,ParentImage,Field,
ParentImage:\\regsvr32.exe,ParentImage,Field,
ParentImage:\\SearchIndexer.exe,ParentImage,Field,
ParentImage:\\SearchProtocolHost.exe,ParentImage,Field,
ParentImage:\\SIHClient.exe,ParentImage,Field,
ParentImage:\\sihost.exe,ParentImage,Field,
ParentImage:\\slui.exe,ParentImage,Field,
ParentImage:\\spoolsv.exe,ParentImage,Field,
ParentImage:\\sppsvc.exe,ParentImage,Field,
ParentImage:\\taskhostw.exe,ParentImage,Field,
ParentImage:\\unsecapp.exe,ParentImage,Field,
ParentImage:\\WerFault.exe,ParentImage,Field,
ParentImage:\\wermgr.exe,ParentImage,Field,
ParentImage:\\wlanext.exe,ParentImage,Field,
ParentImage:\\WUDFHost.exe,ParentImage,Field,
CommandLine:hctac,CommandLine,Field,
CommandLine:kaerb,CommandLine,Field,
CommandLine:dnammoc,CommandLine,Field,
CommandLine:ekovn,CommandLine,Field,
CommandLine:eliFd,CommandLine,Field,
CommandLine:rahc,CommandLine,Field,
CommandLine:etirw,CommandLine,Field,
CommandLine:golon,CommandLine,Field,
CommandLine:tninon,CommandLine,Field,
CommandLine:eddih,CommandLine,Field,
CommandLine:tpircS,CommandLine,Field,
CommandLine:ssecorp,CommandLine,Field,
CommandLine:llehsrewop,CommandLine,Field,
CommandLine:esnopser,CommandLine,Field,
CommandLine:daolnwod,CommandLine,Field,
CommandLine:tneilCbeW,CommandLine,Field,
CommandLine:tneilc,CommandLine,Field,
CommandLine:ptth,CommandLine,Field,
CommandLine:elifotevas,CommandLine,Field,
CommandLine:46esab,CommandLine,Field,
CommandLine:htaPpmeTteG,CommandLine,Field,
CommandLine:tcejbO,CommandLine,Field,
CommandLine:maerts,CommandLine,Field,
CommandLine:hcaerof,CommandLine,Field,
CommandLine:retupmoc,CommandLine,Field,
CommandLine: -EncodedCommand ,CommandLine,Field,
CommandLine: -enc ,CommandLine,Field,
CommandLine:::FromBase64String(,CommandLine,Field,
ParentImage:\\vsjitdebugger.exe,ParentImage,Field,
Image:\\3proxy.exe,Image,Field,
Description:3proxy - tiny proxy server,Description,Field,
CommandLine:.exe -i127.0.0.1 -p,CommandLine,Field,
Image:\\hxtsr.exe,Image,Field,
Image::\\program files\\windowsapps\\microsoft.windowscommunicationsapps_,Image,Field,
Image:\\hxtsr.exe,Image,Field,
ParentImage:\\winlogon.exe,ParentImage,Field,
Image:\\cmd.exe,Image,Field,
Image:\\cscript.exe,Image,Field,
Image:\\mshta.exe,Image,Field,
Image:\\powershell.exe,Image,Field,
Image:\\pwsh.exe,Image,Field,
Image:\\regsvr32.exe,Image,Field,
Image:\\rundll32.exe,Image,Field,
Image:\\wscript.exe,Image,Field,
Image:\\wt.exe,Image,Field,
CommandLine:sethc.exe,CommandLine,Field,
CommandLine:utilman.exe,CommandLine,Field,
CommandLine:osk.exe,CommandLine,Field,
CommandLine:Magnify.exe,CommandLine,Field,
CommandLine:Narrator.exe,CommandLine,Field,
CommandLine:DisplaySwitch.exe,CommandLine,Field,
Image:\\reg.exe,Image,Field,
CommandLine:SOFTWARE\\Microsoft\\Windows Defender\\Exclusions\\Paths,CommandLine,Field,
CommandLine:SOFTWARE\\Microsoft\\Microsoft Antimalware\\Exclusions\\Paths,CommandLine,Field,
CommandLine:ADD ,CommandLine,Field,
CommandLine:/t ,CommandLine,Field,
CommandLine:REG_DWORD ,CommandLine,Field,
